Workbook
Name DL: [1]Sheet3!$B$2:$F$125

Sheet DSSV_ĐK_HƯỚNG ĐỀ TÀI
A1: TRƯỜNG ĐẠI HỌC CÔNG NGHỆ SÀI GÒN
A2: KHOA CÔNG NGHỆ THÔNG TIN
A3: DANH SÁCH SINH VIÊN - GIÁO VIÊN HƯỚNG DẪN - TÊN ĐỀ TÀI LVTN
A4: ĐẠI HỌC 2021 VÀ KHÓA CŨ LÀM LẠI
A5: NGÀNH : CÔNG NGHỆ THÔNG TIN
A7: STT | B7: MSSV | C7: HỌ TÊN SINH VIÊN | E7: LỚP | F7: SĐT | G7: Email | H7: Hướng đề tài | I7: Nhóm | J7: GVHD | K7: HH-HV | L7: Nơi công tác | M7: Tên đề tài (GVHD nhập thông tin) | N7: Nội dung tóm tắt đề tài (GVHD nhập thông tin) | O7: GHI CHÚ | P7: Kiểm dò với DS ĐKMH của P.ĐT
A8: 1 | B8: DH52002723 | C8: Phạm Ngọc | D8: Khoa | E8: D20_TH04 | F8: 0528051699 | G8: DH52002723@student.stu.edu.vn | H8: Ứng dụng trên Web | I8: 4 | J8: NGÔ XUÂN BÁCH | K8: Thạc sĩ | L8: ĐH CNSG | M8: Xây dựng Website cung dịch vụ cho thuê xe và thuê xe ô tô tự lái | N8: Tìm hiểu phương thức cung cấp dịch vụ thuê xe: điều kiện thuê, hợp đồng thuê, phương thức giao dịch… Quản lý, phân loại xe phù hợp với chủng loại, nhu cầu sử dụng, quản lý tình trạng xe, quản lý hợp đồng, thông tin khách hàng. | P8: 5 | Q8: 1 | R8: =VLOOKUP(B8,DS_ĐKMH_P.ĐT_24102025!$B$4:$J$220,2,0) -> Phạm Ngọc | S8: =VLOOKUP(B8,DS_ĐKMH_P.ĐT_24102025!$B$4:$J$220,3,0) -> Khoa | T8: =VLOOKUP(B8,DS_ĐKMH_P.ĐT_24102025!$B$4:$J$220,4,0) -> D20_TH04
A9: 2 | B9: DH52003935 | C9: Phạm Châu | D9: Phú | E9: D20_TH04 | F9: 0337847385 | G9: DH52003935@student.stu.edu.vn | H9: Ứng dụng trên Web | I9: 5 | J9: NGÔ XUÂN BÁCH | K9: Thạc sĩ | L9: ĐH CNSG | M9: Xây dựng Website bán máy tính Desktop | N9: Tìm hiểu nghiệp vụ mua bán & quản lý sản phẩm máy tính và linh kiện. Hỗ trợ tìm kiếm theo thông số kỹ thuật của sản phẩm. Theo dõi đơn hàng, kiểm tra thời hạn bảo hành sản phẩm. Hỗ trợ xây dựng cấu hình và báo giá. | P9: 6 | Q9: 2 | R9: =VLOOKUP(B9,DS_ĐKMH_P.ĐT_24102025!$B$4:$J$220,2,0) -> Phạm Châu | S9: =VLOOKUP(B9,DS_ĐKMH_P.ĐT_24102025!$B$4:$J$220,3,0) -> Phú | T9: =VLOOKUP(B9,DS_ĐKMH_P.ĐT_24102025!$B$4:$J$220,4,0) -> D20_TH04
A10: 3 | B10: DH52005870 | C10: Vũ Trung | D10: Kiên | E10: D20_TH08 | F10: 0779182032 | G10: DH52005870@student.stu.edu.vn | H10: Ứng dụng trên Web | I10: 6 | J10: NGÔ XUÂN BÁCH | K10: Thạc sĩ | L10: ĐH CNSG | M10: Xây dựng Website bán mô hình figure Nhật Bản | N10: Xây dựng website quản lý và bán sản phẩm Figure, hỗ trợ phân loại tìm kiếm theo chủ đề, chất liệu … Quản lý đơn hàng, thống kê phân loại nào được quan tâm nhiều nhất. | P10: 7 | Q10: 3 | R10: =VLOOKUP(B10,DS_ĐKMH_P.ĐT_24102025!$B$4:$J$220,2,0) -> Vũ Trung | S10: =VLOOKUP(B10,DS_ĐKMH_P.ĐT_24102025!$B$4:$J$220,3,0) -> Kiên | T10: =VLOOKUP(B10,DS_ĐKMH_P.ĐT_24102025!$B$4:$J$220,4,0) -> D20_TH08
A11: 4 | B11: DH52113174 | C11: Phạm Nguyễn Thanh | D11: Tâm | E11: D21_TH12 | F11: #N/A | G11: #N/A | H11: Ứng dụng trên Web | I11: 8 | J11: NGÔ XUÂN BÁCH | K11: Thạc sĩ | L11: ĐH CNSG | M11: Xây dựng Website hỗ trợ học tiếng Anh | N11: Tổ chức các bài học với nhiều cấp độ khác nhau. Hỗ trợ đánh giá sự tiến bộ của người học qua các bài kiểm tra, người học chỉ được tham gia bài học cấp độ cao hơn khi đạt được 80% cấp độ kế trước. | P11: 10 | Q11: 4 | R11: =VLOOKUP(B11,DS_ĐKMH_P.ĐT_24102025!$B$4:$J$220,2,0) -> Phạm Nguyễn Thanh | S11: =VLOOKUP(B11,DS_ĐKMH_P.ĐT_24102025!$B$4:$J$220,3,0) -> Tâm | T11: =VLOOKUP(B11,DS_ĐKMH_P.ĐT_24102025!$B$4:$J$220,4,0) -> D21_TH12
A12: 5 | B12: DH52106873 | C12: Nguyễn Hoàng | D12: Quan | E12: D21_TH04 | F12: #N/A | G12: #N/A | H12: Ứng dụng trên Web | I12: 9 | J12: NGÔ XUÂN BÁCH | K12: Thạc sĩ | L12: ĐH CNSG | M12: Xây dựng Website bán các sản phẩm của Apple | N12: Tìm hiểu đặc điểm sản phẩm của Apple. Hỗ trợ phân loại, tìm kiếm theo đặc điểm của sản phẩm. Theo dõi đơn hàng, kiểm tra thời hạn bảo hành sản phẩm. Thống kê doanh thu của mỗi loại sản phẩm. | P12: 11 | Q12: 5 | R12: =VLOOKUP(B12,DS_ĐKMH_P.ĐT_24102025!$B$4:$J$220,2,0) -> Nguyễn Hoàng | S12: =VLOOKUP(B12,DS_ĐKMH_P.ĐT_24102025!$B$4:$J$220,3,0) -> Quan | T12: =VLOOKUP(B12,DS_ĐKMH_P.ĐT_24102025!$B$4:$J$220,4,0) -> D21_TH04
A13: 6 | B13: DH52005699 | C13: Nguyễn Hùng | D13: Cường | E13: D20_TH10 | F13: 0932464672 | G13: DH52005699@student.stu.edu.vn | H13: * | I13: 167 | J13: NGÔ XUÂN BÁCH | K13: Thạc sĩ | L13: ĐH CNSG | M13: Xây dựng Website bán sách | N13: Tìm hiểu nghiệp vụ quản lý, phân loại sản phẩm, hỗ trợ khách hàng tìm kiếm và review một đoạn nội dung quyển sách, quản lý đơn hàng, hỗ trợ theo dõi đơn hàng, thanh toán online. | P13: 199 | Q13: 7 | R13: =VLOOKUP(B13,DS_ĐKMH_P.ĐT_24102025!$B$4:$J$220,2,0) -> Nguyễn Hùng | S13: =VLOOKUP(B13,DS_ĐKMH_P.ĐT_24102025!$B$4:$J$220,3,0) -> Cường | T13: =VLOOKUP(B13,DS_ĐKMH_P.ĐT_24102025!$B$4:$J$220,4,0) -> D20_TH10
A14: 7 | B14: DH52001024 | C14: Nguyễn Duy | D14: Sơn | E14: D20_TH02 | F14: 0783887570 | G14: DH52001024@student.stu.edu.vn | H14: * | I14: 169 | J14: NGÔ XUÂN BÁCH | K14: Thạc sĩ | L14: ĐH CNSG | M14: Xây dựng Website bán nguyên liệu sản phẩm từ thảo dược | N14: Phân loại thảo dược và dược tính của mỗi loại. Hỗ trợ tìm kiếm sản phẩm theo nhóm danh mục, công dụng. Quản lý đơn hàng, quản lý thanh toán và thống kê doanh thu, cảnh báo sản phẩm sắp hết hạn sử dụng. | Q14: 8 | R14: =VLOOKUP(B14,DS_ĐKMH_P.ĐT_24102025!$B$4:$J$220,2,0) -> Nguyễn Duy | S14: =VLOOKUP(B14,DS_ĐKMH_P.ĐT_24102025!$B$4:$J$220,3,0) -> Sơn | T14: =VLOOKUP(B14,DS_ĐKMH_P.ĐT_24102025!$B$4:$J$220,4,0) -> D20_TH02
A15: 8 | B15: DH52006188 | C15: Lê Nguyễn Trường | D15: Thịnh | E15: D20_TH10 | F15: 0774077020 | G15: DH52006188@student.stu.edu.vn | J15: NGÔ XUÂN BÁCH | K15: Thạc sĩ | L15: ĐH CNSG | M15: Xây dựng Website bán quần áo thời trang | N15: Tìm hiểu chủng loại quần áo muốn kinh doanh, hỗ trợ người dùng phân loại theo chủng loại, theo giới tính, thương hiệu... Hỗ trợ thanh toán online, theo dõi đơn hàng, thống kê doanh thu theo tháng, quý, năm và sản phẩm bán chạy nhất. | Q15: 9 | R15: =VLOOKUP(B15,DS_ĐKMH_P.ĐT_24102025!$B$4:$J$220,2,0) -> Lê Nguyễn Trường | S15: =VLOOKUP(B15,DS_ĐKMH_P.ĐT_24102025!$B$4:$J$220,3,0) -> Thịnh | T15: =VLOOKUP(B15,DS_ĐKMH_P.ĐT_24102025!$B$4:$J$220,4,0) -> D20_TH10
A16: 9 | B16: DH51900751 | C16: Ngô Tuấn | D16: Thành | E16: D19_TH06 | F16: 0777843892 | G16: DH51900751@student.stu.edu.vn | J16: NGÔ XUÂN BÁCH | K16: Thạc sĩ | L16: ĐH CNSG | M16: Xây dựng ứng dụng Web quản lý đăng ký sử dụng thiết bị phòng Gym của trường STU | N16: Quản lý thiết bị phòng gym STU, lập lịch hoạt động và cho người dùng đăng ký lịch sử dụng thiết bị. Kiểm tra đối sánh người dùng đã đăng ký lịch khi vào phòng gym và thông báo nhắc nhở người dùng nào đã hết giờ tập. | Q16: 10 | R16: =VLOOKUP(B16,DS_ĐKMH_P.ĐT_24102025!$B$4:$J$220,2,0) -> Ngô Tuấn | S16: =VLOOKUP(B16,DS_ĐKMH_P.ĐT_24102025!$B$4:$J$220,3,0) -> Thành | T16: =VLOOKUP(B16,DS_ĐKMH_P.ĐT_24102025!$B$4:$J$220,4,0) -> D19_TH06
A17: 10 | B17: DH52110693 | C17: Đỗ Ngọc Anh | D17: Duy | E17: D21_TH13 | F17: 0865006929 | G17: DH52110693@student.stu.edu.vn | H17: Ứng dụng trên Web | I17: 12 | J17: BÙI NHẬT BẰNG | K17: Thạc sĩ | L17: ĐH CNSG | M17: Xây dựng website bán quần áo | N17: Xây dựng 1 website thương mại điện tử kinh doanh quần áo | P17: 14 | Q17: 11 | R17: =VLOOKUP(B17,DS_ĐKMH_P.ĐT_24102025!$B$4:$J$220,2,0) -> Đỗ Ngọc Anh | S17: =VLOOKUP(B17,DS_ĐKMH_P.ĐT_24102025!$B$4:$J$220,3,0) -> Duy | T17: =VLOOKUP(B17,DS_ĐKMH_P.ĐT_24102025!$B$4:$J$220,4,0) -> D21_TH13
A18: 11 | B18: DH52110802 | C18: Trần Ngọc | D18: Điền | E18: D21_TH14 | F18: 0924640701 | G18: DH52110802@student.stu.edu.vn | H18: Ứng dụng trên Web | I18: 13 | J18: BÙI NHẬT BẰNG | K18: Thạc sĩ | L18: ĐH CNSG | M18: Xây dựng website mạng xã hội dành cho game thủ | N18: Xây dựng website có các chức năng cơ bản của 1 mạng xã hội hướng tới nhóm người đam mê game | P18: 15 | Q18: 12 | R18: =VLOOKUP(B18,DS_ĐKMH_P.ĐT_24102025!$B$4:$J$220,2,0) -> Trần Ngọc | S18: =VLOOKUP(B18,DS_ĐKMH_P.ĐT_24102025!$B$4:$J$220,3,0) -> Điền | T18: =VLOOKUP(B18,DS_ĐKMH_P.ĐT_24102025!$B$4:$J$220,4,0) -> D21_TH14
A19: 12 | B19: LT52200006 | C19: Trần Minh | D19: Nghĩa | E19: L22_TH01 | F19: 0908655034 | G19: LT52200006@student.stu.edu.vn | H19: Ứng dụng trên Web | I19: 20 | J19: BÙI NHẬT BẰNG | K19: Thạc sĩ | L19: ĐH CNSG | M19: Xây dựng website bán máy tính | N19: Xây dựng 1 website thương mại điện tử kinh doanh máy tính và phụ kiện | P19: 21 | Q19: 13 | R19: =VLOOKUP(B19,DS_ĐKMH_P.ĐT_24102025!$B$4:$J$220,2,0) -> Trần Minh | S19: =VLOOKUP(B19,DS_ĐKMH_P.ĐT_24102025!$B$4:$J$220,3,0) -> Nghĩa | T19: =VLOOKUP(B19,DS_ĐKMH_P.ĐT_24102025!$B$4:$J$220,4,0) -> L22_TH01
A20: 13 | B20: DH52005731 | C20: Trần Lê Minh | D20: Duy | E20: D20_TH09 | F20: 0838567807 | G20: DH52005731@student.stu.edu.vn | H20: Ứng dụng trên Web | I20: 15 | J20: BÙI NHẬT BẰNG | K20: Thạc sĩ | L20: ĐH CNSG | M20: Xây dựng website bán quần áo | N20: Xây dựng 1 website thương mại điện tử kinh doanh quần áo | P20: 17 | Q20: 15 | R20: =VLOOKUP(B20,DS_ĐKMH_P.ĐT_24102025!$B$4:$J$220,2,0) -> Trần Lê Minh | S20: =VLOOKUP(B20,DS_ĐKMH_P.ĐT_24102025!$B$4:$J$220,3,0) -> Duy | T20: =VLOOKUP(B20,DS_ĐKMH_P.ĐT_24102025!$B$4:$J$220,4,0) -> D20_TH09
A21: 14 | B21: DH52002303 | C21: Lê Chí | D21: Cường | E21: D20_TH01 | F21: 0904446653 | G21: DH52002303@student.stu.edu.vn | H21: Ứng dụng trên Web | I21: 28 | J21: BÙI NHẬT BẰNG | K21: Thạc sĩ | L21: ĐH CNSG | M21: Xây dựng website thương mại điện tử cho công ty OLDTOT | N21: Xây dựng website cho phép người dùng rao bán hoặc tặng đồ cũ, người mua có thể tìm và liên hệ với người bán hoặc người tặng | P21: 31 | Q21: 16 | R21: =VLOOKUP(B21,DS_ĐKMH_P.ĐT_24102025!$B$4:$J$220,2,0) -> Lê Chí | S21: =VLOOKUP(B21,DS_ĐKMH_P.ĐT_24102025!$B$4:$J$220,3,0) -> Cường | T21: =VLOOKUP(B21,DS_ĐKMH_P.ĐT_24102025!$B$4:$J$220,4,0) -> D20_TH01
A22: 15 | B22: DH52002302 | C22: Cao Hoàng | D22: Nam | E22: D20_TH01 | F22: 0909393047 | G22: DH52002302@student.stu.edu.vn | H22: Ứng dụng trên Web | I22: 28 | J22: BÙI NHẬT BẰNG | K22: Thạc sĩ | L22: ĐH CNSG | P22: 32 | Q22: 17 | R22: =VLOOKUP(B22,DS_ĐKMH_P.ĐT_24102025!$B$4:$J$220,2,0) -> Cao Hoàng | S22: =VLOOKUP(B22,DS_ĐKMH_P.ĐT_24102025!$B$4:$J$220,3,0) -> Nam | T22: =VLOOKUP(B22,DS_ĐKMH_P.ĐT_24102025!$B$4:$J$220,4,0) -> D20_TH01
A23: 16 | B23: DH52110995 | C23: Đỗ Quang | D23: Huy | E23: D21_TH09 | F23: 0395553134 | G23: DH52110995@student.stu.edu.vn | H23: * | I23: 170 | J23: BÙI NHẬT BẰNG | K23: Thạc sĩ | L23: ĐH CNSG | M23: Xây dựng website đặt vé xem phim cho công ty CINEGO | N23: Xây dựng 1 website cho phép người dùng đặt vé xem phim, tìm kiếm phim cần mua vé, thanh toán online | Q23: 19 | R23: =VLOOKUP(B23,DS_ĐKMH_P.ĐT_24102025!$B$4:$J$220,2,0) -> Đỗ Quang | S23: =VLOOKUP(B23,DS_ĐKMH_P.ĐT_24102025!$B$4:$J$220,3,0) -> Huy | T23: =VLOOKUP(B23,DS_ĐKMH_P.ĐT_24102025!$B$4:$J$220,4,0) -> D21_TH09
A24: 17 | B24: DH52111083 | C24: Trần Mai Huy | D24: Khải | E24: D21_TH09 | F24: 0582079957 | G24: DH52111083@student.stu.edu.vn | H24: * | I24: 171 | J24: BÙI NHẬT BẰNG | K24: Thạc sĩ | L24: ĐH CNSG | Q24: 20 | R24: =VLOOKUP(B24,DS_ĐKMH_P.ĐT_24102025!$B$4:$J$220,2,0) -> Trần Mai Huy | S24: =VLOOKUP(B24,DS_ĐKMH_P.ĐT_24102025!$B$4:$J$220,3,0) -> Khải | T24: =VLOOKUP(B24,DS_ĐKMH_P.ĐT_24102025!$B$4:$J$220,4,0) -> D21_TH09
A25: 18 | B25: DH52110660 | C25: Nguyễn Chí | D25: Cường | E25: D21_TH05 | F25: 0901315352 | G25: DH52110660@student.stu.edu.vn | J25: BÙI NHẬT BẰNG | K25: Thạc sĩ | L25: ĐH CNSG | M25: Xây dựng mạng xã hội kết nối hoạt động cộng đồng | N25: Xây dựng mạng xã hội chuyên về các hoạt động cộng đồng: đăng sự kiện, đăng ký tham gia, chia sẻ thông tin sự kiện với người khác | Q25: 21 | R25: =VLOOKUP(B25,DS_ĐKMH_P.ĐT_24102025!$B$4:$J$220,2,0) -> Nguyễn Chí | S25: =VLOOKUP(B25,DS_ĐKMH_P.ĐT_24102025!$B$4:$J$220,3,0) -> Cường | T25: =VLOOKUP(B25,DS_ĐKMH_P.ĐT_24102025!$B$4:$J$220,4,0) -> D21_TH05
A26: 19 | B26: DH52003995 | C26: Huỳnh Thanh | D26: Phúc | E26: D20_TH04 | F26: 0348095507 | G26: DH52003995@student.stu.edu.vn | H26: Ứng dụng trên Web | I26: 16 | J26: ĐOÀN TRÌNH DỤC | K26: Thạc sĩ | L26: ĐH CNSG | M26: Quản Lý quán cafe | N26: Xây dựng website + app hỗ trợ đặt món thanh toán cho quán cafe | P26: 18 | Q26: 22 | R26: =VLOOKUP(B26,DS_ĐKMH_P.ĐT_24102025!$B$4:$J$220,2,0) -> Huỳnh Thanh | S26: =VLOOKUP(B26,DS_ĐKMH_P.ĐT_24102025!$B$4:$J$220,3,0) -> Phúc | T26: =VLOOKUP(B26,DS_ĐKMH_P.ĐT_24102025!$B$4:$J$220,4,0) -> D20_TH04
A27: 20 | B27: DH52001281 | C27: Phạm Tôn | D27: Thuận | E27: D20-TH04 | F27: #N/A | G27: #N/A | H27: Ứng dụng trên Web | I27: 17 | J27: ĐOÀN TRÌNH DỤC | K27: Thạc sĩ | L27: ĐH CNSG | M27: Website ôn thi trắc nghiệm | N27: hỗ trợ người dùng quản lý và ôn thi trắc nghiệm | P27: 19 | Q27: 23 | R27: =VLOOKUP(B27,DS_ĐKMH_P.ĐT_24102025!$B$4:$J$220,2,0) -> Phạm Tôn | S27: =VLOOKUP(B27,DS_ĐKMH_P.ĐT_24102025!$B$4:$J$220,3,0) -> Thuận | T27: =VLOOKUP(B27,DS_ĐKMH_P.ĐT_24102025!$B$4:$J$220,4,0) -> D20_TH04
A28: 21 | B28: DH52111212 | C28: Nguyễn Hoàng | D28: Linh | E28: D21_TH11 | F28: 0941412077 | G28: DH52111212@student.stu.edu.vn | H28: Ứng dụng trên Mobile | I28: 25 | J28: ĐOÀN TRÌNH DỤC | K28: Thạc sĩ | L28: ĐH CNSG | M28: Website hỗ trợ chia sẻ tài liệu sử dụng công nghệ NFT | N28: Website hỗ trợ chia sẻ tài liệu sử dụng công nghệ NFT | P28: 27 | Q28: 24 | R28: =VLOOKUP(B28,DS_ĐKMH_P.ĐT_24102025!$B$4:$J$220,2,0) -> Nguyễn Hoàng | S28: =VLOOKUP(B28,DS_ĐKMH_P.ĐT_24102025!$B$4:$J$220,3,0) -> Linh | T28: =VLOOKUP(B28,DS_ĐKMH_P.ĐT_24102025!$B$4:$J$220,4,0) -> D21_TH11
A29: 22 | B29: DH52111579 | C29: Nguyễn Việt | D29: Phương | E29: D21_TH09 | F29: 0978699529 | G29: DH52111579@student.stu.edu.vn | H29: Ứng dụng trên Web | I29: 56 | J29: ĐOÀN TRÌNH DỤC | K29: Thạc sĩ | L29: ĐH CNSG | M29: Website hỗ trợ tìm kiếm việc làm | N29: Website hỗ trợ tìm kiếm việc làm | P29: 66 | Q29: 25 | R29: =VLOOKUP(B29,DS_ĐKMH_P.ĐT_24102025!$B$4:$J$220,2,0) -> Nguyễn Việt | S29: =VLOOKUP(B29,DS_ĐKMH_P.ĐT_24102025!$B$4:$J$220,3,0) -> Phương | T29: =VLOOKUP(B29,DS_ĐKMH_P.ĐT_24102025!$B$4:$J$220,4,0) -> D21_TH09
A30: 23 | B30: DH52111486 | C30: Nguyễn Tấn | D30: Phi | E30: D21_TH09 | F30: 0703760626 | G30: DH52111486@student.stu.edu.vn | H30: Ứng dụng trên Web | I30: 56 | J30: ĐOÀN TRÌNH DỤC | K30: Thạc sĩ | L30: ĐH CNSG | M30: Website quản lý sân bóng | N30: Website quản lý sân bóng | P30: 68 | Q30: 26 | R30: =VLOOKUP(B30,DS_ĐKMH_P.ĐT_24102025!$B$4:$J$220,2,0) -> Nguyễn Tấn | S30: =VLOOKUP(B30,DS_ĐKMH_P.ĐT_24102025!$B$4:$J$220,3,0) -> Phi | T30: =VLOOKUP(B30,DS_ĐKMH_P.ĐT_24102025!$B$4:$J$220,4,0) -> D21_TH09
A31: 24 | B31: DH52106740 | C31: Trần Hoàng | D31: Long | E31: D21_TH03 | F31: #N/A | G31: #N/A | H31: Ứng dụng trên Mobile | I31: 92 | J31: ĐOÀN TRÌNH DỤC | K31: Thạc sĩ | L31: ĐH CNSG | M31: Ứng dụng + website hỗ trợ đấu giá sử dụng blockchain | N31: Ứng dụng + website hỗ trợ đấu giá sử dụng blockchain | O31: ĐKMH BS | P31: 111 | Q31: 27 | R31: =VLOOKUP(B31,DS_ĐKMH_P.ĐT_24102025!$B$4:$J$220,2,0) -> #N/A | S31: =VLOOKUP(B31,DS_ĐKMH_P.ĐT_24102025!$B$4:$J$220,3,0) -> #N/A | T31: =VLOOKUP(B31,DS_ĐKMH_P.ĐT_24102025!$B$4:$J$220,4,0) -> #N/A
A32: 25 | B32: DH52106130 | C32: Bùi Phi | D32: Hùng | E32: D21_TH01 | F32: 0394126389 | G32: DH52106130@student.stu.edu.vn | H32: Ứng dụng trên Mobile | I32: 98 | J32: ĐOÀN TRÌNH DỤC | K32: Thạc sĩ | L32: ĐH CNSG | M32: Ứng dụng quản lý tập lluyện và chế độ ăn cá nhân | N32: Ứng dụng quản lý tập lluyện và chế độ ăn cá nhân | P32: 119 | Q32: 28 | R32: =VLOOKUP(B32,DS_ĐKMH_P.ĐT_24102025!$B$4:$J$220,2,0) -> Bùi Phi | S32: =VLOOKUP(B32,DS_ĐKMH_P.ĐT_24102025!$B$4:$J$220,3,0) -> Hùng | T32: =VLOOKUP(B32,DS_ĐKMH_P.ĐT_24102025!$B$4:$J$220,4,0) -> D21_TH01
A33: 26 | B33: DH52111240 | C33: Nguyễn Viết | D33: Long | E33: D21_TH08 | F33: #N/A | G33: #N/A | H33: Ứng dụng trên Mobile | I33: 101 | J33: ĐOÀN TRÌNH DỤC | K33: Thạc sĩ | L33: ĐH CNSG | M33: Ứng dụng đọc truyện tranh manga | N33: Mô tả: xây dựng backend và frontend di động hỗ trợ đọc truyện online | P33: 122 | Q33: 29 | R33: =VLOOKUP(B33,DS_ĐKMH_P.ĐT_24102025!$B$4:$J$220,2,0) -> Nguyễn Viết | S33: =VLOOKUP(B33,DS_ĐKMH_P.ĐT_24102025!$B$4:$J$220,3,0) -> Long | T33: =VLOOKUP(B33,DS_ĐKMH_P.ĐT_24102025!$B$4:$J$220,4,0) -> D21_TH08
A34: 27 | B34: DH52110733 | C34: Nguyễn Sơn | D34: Dương | E34: D21_TH11 | F34: 0826464186 | G34: DH52110733@student.stu.edu.vn | H34: Ứng dụng trên Mobile | I34: 107 | J34: ĐOÀN TRÌNH DỤC | K34: Thạc sĩ | L34: ĐH CNSG | M34: Ứng dụng hỗ trợ chạy bộ sử dụng công nghệ NFT | N34: Ứng dụng hỗ trợ chạy bộ sử dụng công nghệ NFT | P34: 129 | Q34: 30 | R34: =VLOOKUP(B34,DS_ĐKMH_P.ĐT_24102025!$B$4:$J$220,2,0) -> Nguyễn Sơn | S34: =VLOOKUP(B34,DS_ĐKMH_P.ĐT_24102025!$B$4:$J$220,3,0) -> Dương | T34: =VLOOKUP(B34,DS_ĐKMH_P.ĐT_24102025!$B$4:$J$220,4,0) -> D21_TH11
A35: 28 | B35: DH52005851 | C35: Nguyễn Tấn | D35: Huy | E35: D20_TH08 | F35: 0919202108 | G35: DH52005851@student.stu.edu.vn | H35: * | I35: 172 | J35: ĐOÀN TRÌNH DỤC | K35: Thạc sĩ | L35: ĐH CNSG | M35: Công cụ/bot hỗ trợ giao dịch sàn binance | Q35: 72 | R35: =VLOOKUP(B35,DS_ĐKMH_P.ĐT_24102025!$B$4:$J$220,2,0) -> Nguyễn Tấn | S35: =VLOOKUP(B35,DS_ĐKMH_P.ĐT_24102025!$B$4:$J$220,3,0) -> Huy | T35: =VLOOKUP(B35,DS_ĐKMH_P.ĐT_24102025!$B$4:$J$220,4,0) -> D20_TH08
A36: 29 | B36: DH52113345 | C36: Lữ Mai | D36: Phương | E36: D21_TH08 | F36: 0833063875 | G36: DH52113345@student.stu.edu.vn | H36: * | I36: 179 | J36: ĐOÀN TRÌNH DỤC | K36: Thạc sĩ | L36: ĐH CNSG | M36: Phát hiện tấn công DDOS bằng học sâu trên dữ liệu NetFlow | N36: Phát hiện tấn công DDOS bằng học sâu trên dữ liệu NetFlow | Q36: 202 | R36: =VLOOKUP(B36,DS_ĐKMH_P.ĐT_24102025!$B$4:$J$220,2,0) -> Lữ Mai | S36: =VLOOKUP(B36,DS_ĐKMH_P.ĐT_24102025!$B$4:$J$220,3,0) -> Phương | T36: =VLOOKUP(B36,DS_ĐKMH_P.ĐT_24102025!$B$4:$J$220,4,0) -> D21_TH08
A37: 30 | B37: DH52111171 | C37: Lâm Tuấn | D37: Kiệt | E37: D21_TH10 | F37: 0941693505 | G37: DH52111171@student.stu.edu.vn | H37: Ứng dụng trên Web | I37: 2 | J37: LÊ THỊ MỸ DUNG | K37: Thạc sĩ | L37: ĐH CNSG | M37: Xây dựng webiste bán điện thoại di động | N37: Sinh viên tìm hiểu nghiệp vụ và phân tích, thiết kế xây dựng website bán điện thoại di động | P37: 2 | Q37: 32 | R37: =VLOOKUP(B37,DS_ĐKMH_P.ĐT_24102025!$B$4:$J$220,2,0) -> Lâm Tuấn | S37: =VLOOKUP(B37,DS_ĐKMH_P.ĐT_24102025!$B$4:$J$220,3,0) -> Kiệt | T37: =VLOOKUP(B37,DS_ĐKMH_P.ĐT_24102025!$B$4:$J$220,4,0) -> D21_TH10
A38: 31 | B38: DH52112019 | C38: Nguyễn Ngọc Thanh | D38: Tuệ | E38: D21_TH08 | F38: 0907355548 | G38: DH52112019@student.stu.edu.vn | H38: Ứng dụng trên Web | I38: 24 | J38: LÊ THỊ MỸ DUNG | K38: Thạc sĩ | L38: ĐH CNSG | M38: Xây dựng website Bán cây cảnh | N38: Sinh viên tìm hiểu nghiệp vụ và phân tích, thiết kế xây dựng website bán cây cảnh | P38: 26 | Q38: 35 | R38: =VLOOKUP(B38,DS_ĐKMH_P.ĐT_24102025!$B$4:$J$220,2,0) -> Nguyễn Ngọc Thanh | S38: =VLOOKUP(B38,DS_ĐKMH_P.ĐT_24102025!$B$4:$J$220,3,0) -> Tuệ | T38: =VLOOKUP(B38,DS_ĐKMH_P.ĐT_24102025!$B$4:$J$220,4,0) -> D21_TH08
A39: 32 | B39: DH52111085 | C39: Trương Minh | D39: Khải | E39: D21_TH08 | F39: 0835359010 | G39: DH52111085@student.stu.edu.vn | H39: Ứng dụng trên Web | I39: 49 | J39: LÊ THỊ MỸ DUNG | K39: Thạc sĩ | L39: ĐH CNSG | M39: Xây dựng website Quản lý đặt phòng và dịch vụ cho Khách sạn | N39: Sinh viên tìm hiểu nghiệp vụ và phân tích, thiết kế xây dựng website đặt phòng và dịch vụ của Khách sạn | P39: 58 | Q39: 36 | R39: =VLOOKUP(B39,DS_ĐKMH_P.ĐT_24102025!$B$4:$J$220,2,0) -> Trương Minh | S39: =VLOOKUP(B39,DS_ĐKMH_P.ĐT_24102025!$B$4:$J$220,3,0) -> Khải | T39: =VLOOKUP(B39,DS_ĐKMH_P.ĐT_24102025!$B$4:$J$220,4,0) -> D21_TH08
A40: 33 | B40: DH52000682 | C40: Lê | D40: Tuấn | E40: D20_TH03 | F40: 0777789336 | G40: DH52000682@student.stu.edu.vn | H40: Ứng dụng trên Web | I40: 61 | J40: TRỊNH THANH DUY | K40: Thạc sĩ | L40: ĐH CNSG | M40: Xây dựng website bán giày | N40: Tìm hiểu nghiệp vụ bán giày của các website bán giày hiện có Xây dựng quy trình nghiệp vụ, lược đồ CSDL, thiết kế giao diện cho đề tài Xây dựng website bán giày theo quy trình đã thiết kế | P40: 73 | Q40: 37 | R40: =VLOOKUP(B40,DS_ĐKMH_P.ĐT_24102025!$B$4:$J$220,2,0) -> Lê | S40: =VLOOKUP(B40,DS_ĐKMH_P.ĐT_24102025!$B$4:$J$220,3,0) -> Tuấn | T40: =VLOOKUP(B40,DS_ĐKMH_P.ĐT_24102025!$B$4:$J$220,4,0) -> D20_TH03
A41: 34 | B41: DH52001330 | C41: Phạm Ngọc | D41: Đông | E41: D20_TH03 | F41: 0366468307 | G41: DH52001330@student.stu.edu.vn | H41: Ứng dụng trên Web | I41: 61 | J41: TRỊNH THANH DUY | K41: Thạc sĩ | L41: ĐH CNSG | P41: 74 | Q41: 38 | R41: =VLOOKUP(B41,DS_ĐKMH_P.ĐT_24102025!$B$4:$J$220,2,0) -> Phạm Ngọc | S41: =VLOOKUP(B41,DS_ĐKMH_P.ĐT_24102025!$B$4:$J$220,3,0) -> Đông | T41: =VLOOKUP(B41,DS_ĐKMH_P.ĐT_24102025!$B$4:$J$220,4,0) -> D20_TH03
A42: 35 | B42: DH52112127 | C42: Lương Triều | D42: Vỹ | E42: D21_TH08 | G42: DH52112127@student.stu.edu.vn | H42: Ứng dụng trên Web | I42: 63 | J42: TRỊNH THANH DUY | K42: Thạc sĩ | L42: ĐH CNSG | M42: Xây dựng website học tiếng anh trực tuyến | N42: Tìm hiểu nghiệp vụ của các website học tiếng anh hiện tại xây dựng lược đồ CSDL và thiết kế giao diện cho đề tài Xây dựng website học tiếng anh | P42: 76 | Q42: 39 | R42: =VLOOKUP(B42,DS_ĐKMH_P.ĐT_24102025!$B$4:$J$220,2,0) -> Lương Triều | S42: =VLOOKUP(B42,DS_ĐKMH_P.ĐT_24102025!$B$4:$J$220,3,0) -> Vỹ | T42: =VLOOKUP(B42,DS_ĐKMH_P.ĐT_24102025!$B$4:$J$220,4,0) -> D21_TH08
A43: 36 | B43: DH52111491 | C43: Nguyễn Chí | D43: Phong | E43: D21_TH10 | F43: 0903073250 | G43: DH52111491@student.stu.edu.vn | H43: Ứng dụng trên Web | I43: 64 | J43: TRỊNH THANH DUY | K43: Thạc sĩ | L43: ĐH CNSG | M43: Xây dựng website bán thiết bị điện tử | N43: Tìm hiểu nghiệp vụ của các website bán thiết bị điện tử hiện nay Xây dựng quy trình nghiệp vụ, lược đồ CSDL, thiết kế giao diện cho đề tài Xây dựng website bán thiết bị điện tử theo quy trình đã thiết kế | P43: 77 | Q43: 40 | R43: =VLOOKUP(B43,DS_ĐKMH_P.ĐT_24102025!$B$4:$J$220,2,0) -> Nguyễn Chí | S43: =VLOOKUP(B43,DS_ĐKMH_P.ĐT_24102025!$B$4:$J$220,3,0) -> Phong | T43: =VLOOKUP(B43,DS_ĐKMH_P.ĐT_24102025!$B$4:$J$220,4,0) -> D21_TH10
A44: 37 | B44: DH52111115 | C44: Mai Lâm Quang | D44: Khánh | E44: D21_TH10 | F44: 0707347324 | G44: DH52111115@student.stu.edu.vn | H44: Ứng dụng trên Web | I44: 65 | J44: TRỊNH THANH DUY | K44: Thạc sĩ | L44: ĐH CNSG | M44: Xây dựng website bán quần áo và phụ kiện thể thao | N44: Tìm hiểu nghiệp vụ bán hàng của các website bán quần áo và phụ kiện thể thao hiện nay Xây dựng quy trình nghiệp vụ, lược đồ CSDL, thiết kế giao diện cho đề tài Xây dựng website bán quần áo và phụ kiện thể thao theo quy trình đã thiết kế | P44: 78 | Q44: 41 | R44: =VLOOKUP(B44,DS_ĐKMH_P.ĐT_24102025!$B$4:$J$220,2,0) -> Mai Lâm Quang | S44: =VLOOKUP(B44,DS_ĐKMH_P.ĐT_24102025!$B$4:$J$220,3,0) -> Khánh | T44: =VLOOKUP(B44,DS_ĐKMH_P.ĐT_24102025!$B$4:$J$220,4,0) -> D21_TH10
A45: 38 | B45: DH52111439 | C45: Huỳnh Tấn | D45: Nhớ | E45: D21_TH13 | F45: 0977979791 | G45: DH52111439@student.stu.edu.vn | H45: Ứng dụng trên Web | I45: 67 | J45: TRỊNH THANH DUY | K45: Thạc sĩ | L45: ĐH CNSG | M45: Xây dựng website bán áo khoác | N45: Tìm hiểu nghiệp vụ bán hàng của các website bán áo khoác Xây dựng quy trình nghiệp vụ, lược đồ CSDL, thiết kế giao diện cho đề tài Xây dựng website bán áo khoác theo quy trình đã thiết kế | P45: 80 | Q45: 42 | R45: =VLOOKUP(B45,DS_ĐKMH_P.ĐT_24102025!$B$4:$J$220,2,0) -> Huỳnh Tấn | S45: =VLOOKUP(B45,DS_ĐKMH_P.ĐT_24102025!$B$4:$J$220,3,0) -> Nhớ | T45: =VLOOKUP(B45,DS_ĐKMH_P.ĐT_24102025!$B$4:$J$220,4,0) -> D21_TH13
A46: 39 | B46: DH52111531 | C46: Lưu Hoàng | D46: Phúc | E46: D21_TH13 | F46: 0396895104 | G46: DH52111531@student.stu.edu.vn | H46: Ứng dụng trên Web | I46: 68 | J46: TRỊNH THANH DUY | K46: Thạc sĩ | L46: ĐH CNSG | M46: Xây dựng website bán trang sức | N46: Tìm hiểu nghiệp vụ bán trang sức của các website bán trang sức hiện nay Xây dựng quy trình nghiệp vụ, lược đồ CSDL, thiết kế giao diện cho đề tài Xây dựng website bán trang sức theo quy trình đã thiết kế | P46: 81 | Q46: 43 | R46: =VLOOKUP(B46,DS_ĐKMH_P.ĐT_24102025!$B$4:$J$220,2,0) -> Lưu Hoàng | S46: =VLOOKUP(B46,DS_ĐKMH_P.ĐT_24102025!$B$4:$J$220,3,0) -> Phúc | T46: =VLOOKUP(B46,DS_ĐKMH_P.ĐT_24102025!$B$4:$J$220,4,0) -> D21_TH13
A47: 40 | B47: DH52111224 | C47: Giang Nhật | D47: Long | E47: D21_TH13 | F47: 0856639637 | G47: DH52111224@student.stu.edu.vn | H47: Ứng dụng trên Web | I47: 68 | J47: TRỊNH THANH DUY | K47: Thạc sĩ | L47: ĐH CNSG | P47: 82 | Q47: 44 | R47: =VLOOKUP(B47,DS_ĐKMH_P.ĐT_24102025!$B$4:$J$220,2,0) -> Giang Nhật | S47: =VLOOKUP(B47,DS_ĐKMH_P.ĐT_24102025!$B$4:$J$220,3,0) -> Long | T47: =VLOOKUP(B47,DS_ĐKMH_P.ĐT_24102025!$B$4:$J$220,4,0) -> D21_TH13
A48: 41 | B48: DH52101228 | C48: Nguyễn Thanh | D48: Hậu | E48: D21_TH07 | F48: #N/A | G48: #N/A | H48: Ứng dụng trên Web | I48: 73 | J48: TRỊNH THANH DUY | K48: Thạc sĩ | L48: ĐH CNSG | M48: Xây dựng website bán quần áo | N48: Tìm hiểu nghiệp vụ bán hàng của các website bán quần áo hiện nay Xây dựng quy trình nghiệp vụ, lược đồ CSDL, thiết kế giao diện cho đề tài Xây dựng website bán quần áo theo quy trình đã thiết kế | P48: 89 | Q48: 45 | R48: =VLOOKUP(B48,DS_ĐKMH_P.ĐT_24102025!$B$4:$J$220,2,0) -> Nguyễn Thanh | S48: =VLOOKUP(B48,DS_ĐKMH_P.ĐT_24102025!$B$4:$J$220,3,0) -> Hậu | T48: =VLOOKUP(B48,DS_ĐKMH_P.ĐT_24102025!$B$4:$J$220,4,0) -> D21_TH07
A49: 42 | B49: DH52109172 | C49: Nguyễn Thành | D49: Sang | E49: D21_TH07 | F49: #N/A | G49: #N/A | H49: Ứng dụng trên Web | I49: 73 | J49: TRỊNH THANH DUY | K49: Thạc sĩ | L49: ĐH CNSG | P49: 90 | Q49: 46 | R49: =VLOOKUP(B49,DS_ĐKMH_P.ĐT_24102025!$B$4:$J$220,2,0) -> Nguyễn Thành | S49: =VLOOKUP(B49,DS_ĐKMH_P.ĐT_24102025!$B$4:$J$220,3,0) -> Sang | T49: =VLOOKUP(B49,DS_ĐKMH_P.ĐT_24102025!$B$4:$J$220,4,0) -> D21_TH07
A50: 43 | B50: DH52111086 | C50: Dương Trí | D50: Khang | E50: D21_TH08 | F50: 0836169654 | G50: DH52111086@student.stu.edu.vn | H50: Ứng dụng Java | I50: 22 | J50: DƯƠNG VĂN ĐEO | K50: Thạc sĩ | L50: Cty TNHH Aduro Labs VN | M50: Xây dựng sàn giao dịch bất động sản | N50: - Đề tài tập trung phát triển một nền tảng trung gian kết nối người mua, người bán và người thuê bất động sản. Hệ thống cho phép người dùng đăng tin rao bán/cho thuê bất động sản một cách minh bạch với đầy đủ thông tin và hình ảnh. Đồng thời, người có nhu cầu có thể dễ dàng tìm kiếm, lọc và so sánh các bất động sản dựa trên nhiều tiêu chí khác nhau. | P50: 23 | Q50: 47 | R50: =VLOOKUP(B50,DS_ĐKMH_P.ĐT_24102025!$B$4:$J$220,2,0) -> Dương Trí | S50: =VLOOKUP(B50,DS_ĐKMH_P.ĐT_24102025!$B$4:$J$220,3,0) -> Khang | T50: =VLOOKUP(B50,DS_ĐKMH_P.ĐT_24102025!$B$4:$J$220,4,0) -> D21_TH08
A51: 44 | B51: DH52108711 | C51: Đặng Gia | D51: Bảo | E51: D21_TH06 | F51: #N/A | G51: #N/A | H51: Ứng dụng trên Web | I51: 96 | J51: DƯƠNG VĂN ĐEO | K51: Thạc sĩ | L51: Cty TNHH Aduro Labs VN | M51: Xây dựng website bán đồ thể thao | N51: - Đề tài này tập trung phát triển một website thương mại điện tử chuyên về các sản phẩm thể thao. Hệ thống cung cấp một cổng thông tin trực tuyến cho phép khách hàng xem, tìm kiếm và đặt mua các mặt hàng như quần áo, dụng cụ và phụ kiên thể thao một cách thuận tiện. Về phía cửa hàng, website hỗ trợ toàn bộ quy trình từ quản lý sản phẩm, đơn hàng đến khách hàng. | P51: 116 | Q51: 48 | R51: =VLOOKUP(B51,DS_ĐKMH_P.ĐT_24102025!$B$4:$J$220,2,0) -> Đặng Gia | S51: =VLOOKUP(B51,DS_ĐKMH_P.ĐT_24102025!$B$4:$J$220,3,0) -> Bảo | T51: =VLOOKUP(B51,DS_ĐKMH_P.ĐT_24102025!$B$4:$J$220,4,0) -> D21_TH06
A52: 45 | B52: DH52108862 | C52: Hà Trần Hoàng | D52: Anh | E52: D21_TH06 | F52: #N/A | G52: #N/A | H52: Ứng dụng trên Web | I52: 96 | J52: DƯƠNG VĂN ĐEO | K52: Thạc sĩ | L52: Cty TNHH Aduro Labs VN | P52: 117 | Q52: 49 | R52: =VLOOKUP(B52,DS_ĐKMH_P.ĐT_24102025!$B$4:$J$220,2,0) -> Hà Trần Hoàng | S52: =VLOOKUP(B52,DS_ĐKMH_P.ĐT_24102025!$B$4:$J$220,3,0) -> Anh | T52: =VLOOKUP(B52,DS_ĐKMH_P.ĐT_24102025!$B$4:$J$220,4,0) -> D21_TH06
A53: 46 | B53: DH52003543 | C53: Nguyễn Công | D53: Chi | E53: D20_TH05 | F53: 0523261143 | G53: DH52003543@student.stu.edu.vn | H53: Ứng dụng trên Web | I53: 97 | J53: DƯƠNG VĂN ĐEO | K53: Thạc sĩ | L53: Cty TNHH Aduro Labs VN | M53: Xây dựng website bán nông sản sạch | N53: Đề tài này tập trung phát triển một website thương mại điện tử chuyên kinh doanh các mặt hàng nông sản sạch, có nguồn gốc rõ ràng. Hệ thống hướng tới việc kết nối trực tiếp người tiêu dùng với nhà cung cấp, nhằm đảm bảo chất lượng và độ tươi ngon của sản phẩm. Website cho phép người dùng dễ dàng tìm kiếm và đặt mua các loại rau củ, trái cây tươi sống. Trọng tâm của đề tài là xây dựng lòng tin thông qua việc cung cấp đầy đủ thông tin về nguồn gốc, quy trình canh tác cho từng sản phẩm | P53: 118 | Q53: 50 | R53: =VLOOKUP(B53,DS_ĐKMH_P.ĐT_24102025!$B$4:$J$220,2,0) -> Nguyễn Công | S53: =VLOOKUP(B53,DS_ĐKMH_P.ĐT_24102025!$B$4:$J$220,3,0) -> Chi | T53: =VLOOKUP(B53,DS_ĐKMH_P.ĐT_24102025!$B$4:$J$220,4,0) -> D20_TH05
A54: 47 | B54: DH52111704 | C54: Dương Văn Minh | D54: Tâm | E54: D21_TH12 | F54: #N/A | G54: #N/A | H54: Ứng dụng Java | I54: 118 | J54: DƯƠNG VĂN ĐEO | K54: Thạc sĩ | L54: Cty TNHH Aduro Labs VN | M54: Xây dựng ứng dụng quản lý phòng khám | N54: Đề tài này tập trung phát triển một hệ thống phần mềm để số hóa và tự động hóa các quy trình nghiệp vụ cốt lõi của một phòng khám. Ứng dụng giúp theo dõi toàn bộ hành trình của bệnh nhân, từ đăng ký lịch hẹn, khám bệnh, đến kê đơn và thanh toán. Mục tiêu chính là giảm thiểu thủ tục giấy tờ, tối ưu hóa lịch trình làm việc của bác sĩ, quản lý thông tin bệnh nhân một cách tập trung và bảo mật, từ đó nâng cao hiệu quả hoạt động và chất lượng dịch vụ của phòng khám. | P54: 142 | Q54: 51 | R54: =VLOOKUP(B54,DS_ĐKMH_P.ĐT_24102025!$B$4:$J$220,2,0) -> Dương Văn Minh | S54: =VLOOKUP(B54,DS_ĐKMH_P.ĐT_24102025!$B$4:$J$220,3,0) -> Tâm | T54: =VLOOKUP(B54,DS_ĐKMH_P.ĐT_24102025!$B$4:$J$220,4,0) -> D21_TH12
A55: 48 | B55: DH52113150 | C55: Trần Ngọc | D55: Tú | E55: D21_TH11 | F55: #N/A | G55: #N/A | H55: Ứng dụng trên Mobile | I55: 119 | J55: DƯƠNG VĂN ĐEO | K55: Thạc sĩ | L55: Cty TNHH Aduro Labs VN | M55: Xây dựng ứng dụng quản lý sức khỏe | N55: Đề tài này tập trung phát triển một ứng dụng cá nhân hóa giúp người dùng theo dõi và quản lý tình trạng sức khỏe tổng quát của bản thân. Ứng dụng cung cấp các công cụ để ghi chép, lưu trữ và phân tích các chỉ số sức khỏe quan trọng theo thời gian. Mục tiêu là tạo ra một trợ lý sức khỏe số, hỗ trợ người dùng hình thành thói quen lành mạnh, cảnh báo sớm các dấu hiệu bất thường và cung cấp dữ liệu hữu ích khi cần tham vấn ý kiến chuyên môn từ bác sĩ | P55: 144 | Q55: 53 | R55: =VLOOKUP(B55,DS_ĐKMH_P.ĐT_24102025!$B$4:$J$220,2,0) -> Trần Ngọc | S55: =VLOOKUP(B55,DS_ĐKMH_P.ĐT_24102025!$B$4:$J$220,3,0) -> Tú | T55: =VLOOKUP(B55,DS_ĐKMH_P.ĐT_24102025!$B$4:$J$220,4,0) -> D21_TH11
A56: 49 | B56: DH52007161 | C56: Phạm Duy | D56: Thắng | E56: D20-TH11 | F56: 0335444058 | G56: DH52007161@student.stu.edu.vn | H56: Ứng dụng trên Web | I56: 121 | J56: DƯƠNG VĂN ĐEO | K56: Thạc sĩ | L56: Cty TNHH Aduro Labs VN | M56: Xây dựng website bán giày | N56: Đề tài này tập trung phát triển một website thương mại điện tử chuyên bán các sản phẩm giày dép. Hệ thống cung cấp giao diện trực quan để khách hàng có thể dễ dàng duyệt, tìm kiếm và lựa chọn các mẫu giày theo nhiều tiêu chí khác nhau. Website được thiết kế để tối ưu hóa trải nghiệm mua sắm, từ việc xem ảnh sản phẩm chi tiết đến quy trình đặt hàng và thanh toán đơn giản. Về phía quản trị, hệ thống hỗ trợ quản lý danh mục, sản phẩm và đơn hàng một cách hiệu quả | P56: 146 | Q56: 54 | R56: =VLOOKUP(B56,DS_ĐKMH_P.ĐT_24102025!$B$4:$J$220,2,0) -> Phạm Duy | S56: =VLOOKUP(B56,DS_ĐKMH_P.ĐT_24102025!$B$4:$J$220,3,0) -> Thắng | T56: =VLOOKUP(B56,DS_ĐKMH_P.ĐT_24102025!$B$4:$J$220,4,0) -> D20_TH11
A57: 50 | B57: DH52111204 | C57: Trương Văn | D57: Liêu | E57: D21_TH08 | F57: 0393726628 | G57: DH52111204@student.stu.edu.vn | H57: Ứng dụng trên Web | I57: 122 | J57: DƯƠNG VĂN ĐEO | K57: Thạc sĩ | L57: Cty TNHH Aduro Labs VN | M57: Website đặt phòng khách sạn trực tuyến | N57: Đề tài này tập trung phát triển một hệ thống website đặt phòng khách sạn, hoạt động theo mô hình đại lý. Hệ thống sẽ thiết lập quan hệ hợp tác với các đối tác khách sạn để nhập thông tin, giá phòng và tình trạng phòng trống. Người dùng cuối sẽ truy cập vào website này để tìm kiếm, so sánh và đặt phòng trực tiếp. Bài toán kỹ thuật trọng tâm là quản lý và đồng bộ hóa dữ liệu (phòng, giá, lịch đặt) từ nhiều đối tác khác nhau vào một cơ sở dữ liệu thống nhất của hệ thống, từ đó cung cấp trải nghiệm đặt phòng chính xác, minh bạch và liền mạch cho khách hàng. | P57: 147 | Q57: 55 | R57: =VLOOKUP(B57,DS_ĐKMH_P.ĐT_24102025!$B$4:$J$220,2,0) -> Trương Văn | S57: =VLOOKUP(B57,DS_ĐKMH_P.ĐT_24102025!$B$4:$J$220,3,0) -> Liêu | T57: =VLOOKUP(B57,DS_ĐKMH_P.ĐT_24102025!$B$4:$J$220,4,0) -> D21_TH08
A58: 51 | B58: DH52110812 | C58: Trương Thanh | D58: Đông | E58: D21_TH11 | F58: 0706766557 | G58: DH52110812@student.stu.edu.vn | H58: Ứng dụng trên Mobile | I58: 125 | J58: DƯƠNG VĂN ĐEO | K58: Thạc sĩ | L58: Cty TNHH Aduro Labs VN | M58: Xây dựng ứng dụng bán hàng mỹ phẩm | N58: Đề tài này tập trung phát triển một ứng dụng thương mại điện tử chuyên biệt cho lĩnh vực mỹ phẩm. Ứng dụng cung cấp một nền tảng để người dùng khám phá, tìm hiểu thông tin và mua sắm các sản phẩm như son, phấn, kem dưỡng da,... Điểm nhấn của hệ thống là khả năng hiển thị đầy đủ thông tin sản phẩm, bao gồm thành phần, công dụng, hướng dẫn sử dụng và xuất xứ, nhằm xây dựng lòng tin và hỗ trợ quyết định mua hàng. Ứng dụng được kỳ vọng sẽ mang đến trải nghiệm mua sắm trực tuyến tiện lợi, an toàn và đáng tin cậy cho người dùng cuối | P58: 150 | Q58: 56 | R58: =VLOOKUP(B58,DS_ĐKMH_P.ĐT_24102025!$B$4:$J$220,2,0) -> Trương Thanh | S58: =VLOOKUP(B58,DS_ĐKMH_P.ĐT_24102025!$B$4:$J$220,3,0) -> Đông | T58: =VLOOKUP(B58,DS_ĐKMH_P.ĐT_24102025!$B$4:$J$220,4,0) -> D21_TH11
A59: 52 | B59: DH52111529 | C59: Lê Trần Trọng | D59: Phúc | E59: D21_TH10 | F59: 0946129499 | G59: DH52111529@student.stu.edu.vn | H59: Ứng dụng trên Web | I59: 153 | J59: HUỲNH QUANG ĐỨC | K59: Thạc sĩ | L59: ĐH Bình Dương | M59: Xây dựng website quản lý ao nuôi tôm | N59: Xây dựng hệ thống website có khả năng lưu trữ, quản lý dữ liệu ao nuôi. Xây dựng chức năng ghi nhận chất lượng nước,lượng thuốc, thức ăn và vật tư sử dụng hằng ngày. Xây dựng tính năng cảnh báo khi các chỉ số môi trường quá ngưỡng và khi thuốc gần hết hạn. Xây dựng chức năng thống kê và báo cáo: xuất kết quả sử dụng thuốc và chi phí vật tư theo từng vụ nuôi | P59: 185 | Q59: 57 | R59: =VLOOKUP(B59,DS_ĐKMH_P.ĐT_24102025!$B$4:$J$220,2,0) -> Lê Trần Trọng | S59: =VLOOKUP(B59,DS_ĐKMH_P.ĐT_24102025!$B$4:$J$220,3,0) -> Phúc | T59: =VLOOKUP(B59,DS_ĐKMH_P.ĐT_24102025!$B$4:$J$220,4,0) -> D21_TH10
A60: 53 | B60: DH52110659 | C60: Ngô Đức Trần | D60: Cường | E60: D21_TH11 | F60: #N/A | G60: #N/A | H60: Ứng dụng trên Web | I60: 154 | J60: HUỲNH QUANG ĐỨC | K60: Thạc sĩ | L60: ĐH Bình Dương | M60: Xây dựng hệ thống phân tích cảm xúc người dùng mạng xã hội dựa trên bình luận | N60: Thu thập dữ liệu từ các trang mạng xã hội. Xử lý và gán nhãn dữ liệu đã thu thập. Xây dựng những bộ ngữ liệu từ các bình luận được thu thập. Huấn luyện mô hình PHOBert từ những bộ ngữ đã được xây dựng. Xây dựng website tích hợp mô hình đã được huấn luyện vào để phân tích cảm xúc từ những bài viết trên các trang mạng xã hội. | P60: 186 | Q60: 58 | R60: =VLOOKUP(B60,DS_ĐKMH_P.ĐT_24102025!$B$4:$J$220,2,0) -> Ngô Đức Trần | S60: =VLOOKUP(B60,DS_ĐKMH_P.ĐT_24102025!$B$4:$J$220,3,0) -> Cường | T60: =VLOOKUP(B60,DS_ĐKMH_P.ĐT_24102025!$B$4:$J$220,4,0) -> D21_TH11
A61: 54 | B61: DH52112944 | C61: Lê Đoàn Anh | D61: Quân | E61: D21_TH11 | F61: 0866603591 | G61: DH52112944@student.stu.edu.vn | H61: Ứng dụng trên Web | I61: 156 | J61: HUỲNH QUANG ĐỨC | K61: Thạc sĩ | L61: ĐH Bình Dương | P61: 188 | Q61: 60 | R61: =VLOOKUP(B61,DS_ĐKMH_P.ĐT_24102025!$B$4:$J$220,2,0) -> Lê Đoàn Anh | S61: =VLOOKUP(B61,DS_ĐKMH_P.ĐT_24102025!$B$4:$J$220,3,0) -> Quân | T61: =VLOOKUP(B61,DS_ĐKMH_P.ĐT_24102025!$B$4:$J$220,4,0) -> D21_TH11
A62: 55 | B62: DH52113047 | C62: Phan Đức | D62: Thắng | E62: D21_TH14 | F62: 0949985490 | G62: DH52113047@student.stu.edu.vn | H62: Ứng dụng trên Web | I62: 155 | J62: HUỲNH QUANG ĐỨC | K62: Thạc sĩ | L62: ĐH Bình Dương | M62: Xây dựng Website quản lý và bán hàng nội thất | N62: Xây dựng một website hỗ trợ cửa hàng nội thất quản lý bán hàng trực tuyến và kho hàng một cách hiệu quả, hiện đại và dễ sử dụng; Cụ thể hóa quy trình nghiệp vụ của cửa hàng bán nội thất bao gồm: quy trình bán hàng trực tuyến và quy trình quản lý kho | P62: 187 | Q62: 59 | R62: =VLOOKUP(B62,DS_ĐKMH_P.ĐT_24102025!$B$4:$J$220,2,0) -> Phan Đức | S62: =VLOOKUP(B62,DS_ĐKMH_P.ĐT_24102025!$B$4:$J$220,3,0) -> Thắng | T62: =VLOOKUP(B62,DS_ĐKMH_P.ĐT_24102025!$B$4:$J$220,4,0) -> D21_TH14
A63: 56 | B63: DH52104108 | C63: Nguyễn Đăng | D63: Khoa | E63: D21_TH02 | F63: 0938240431 | G63: DH52104108@student.stu.edu.vn | H63: Ứng dụng trên Web | I63: 157 | J63: HUỲNH QUANG ĐỨC | K63: Thạc sĩ | L63: ĐH Bình Dương | M63: Xây dựng website quản lý và bán vé sự kiện | N63: Thiết kế và xây dựng một nền tảng Quản lý và Bán vé sự kiện, nhằm hỗ trợ và kết nối giữa khách hàng với những đơn vị tổ chức sự kiện. Mang đến sự tối ưu hóa các quy trình mua bán và quản lý vé trong sự kiện; - Thiết kế một cổng thông tin sự kiện cho Khách hàng giúp người dùng dễ dàng tìm kiếm, xem, đặt vé và chỗ ngồi cho sự kiện đó | P63: 189 | Q63: 61 | R63: =VLOOKUP(B63,DS_ĐKMH_P.ĐT_24102025!$B$4:$J$220,2,0) -> Nguyễn Đăng | S63: =VLOOKUP(B63,DS_ĐKMH_P.ĐT_24102025!$B$4:$J$220,3,0) -> Khoa | T63: =VLOOKUP(B63,DS_ĐKMH_P.ĐT_24102025!$B$4:$J$220,4,0) -> D21_TH02
A64: 57 | B64: DH52110924 | C64: Trần Nguyễn Minh | D64: Hiếu | E64: D21_TH13 | F64: 0936049080 | G64: DH52110924@student.stu.edu.vn | H64: Ứng dụng trên Web | I64: 149 | J64: HUỲNH QUANG ĐỨC | K64: Thạc sĩ | L64: ĐH Bình Dương | M64: Xây dựng hệ thống đặt lịch khám bệnh trực tuyến | N64: Xây dựng một hệ thống số hóa toàn bộ quy trình lên lịch hẹn khám bệnh của phòng khám, giúp quản lý phòng khám hiệu quả hơn; - Xây dựng cơ sở dữ liệu để lưu trữ và quản lý thông tin tập trung, bao gồm: hồ sơ bệnh nhân, thông tin bác sĩ, chuyên khoa, dịch vụ y tế và các ca khám còn trống | P64: 180 | Q64: 62 | R64: =VLOOKUP(B64,DS_ĐKMH_P.ĐT_24102025!$B$4:$J$220,2,0) -> Trần Nguyễn Minh | S64: =VLOOKUP(B64,DS_ĐKMH_P.ĐT_24102025!$B$4:$J$220,3,0) -> Hiếu | T64: =VLOOKUP(B64,DS_ĐKMH_P.ĐT_24102025!$B$4:$J$220,4,0) -> D21_TH13
A65: 58 | B65: DH52001900 | C65: Nguyễn Minh | D65: Triều | E65: D20_TH01 | F65: 0899052420 | G65: DH52001900@student.stu.edu.vn | H65: Ứng dụng trên Web | I65: 150 | J65: HUỲNH QUANG ĐỨC | K65: Thạc sĩ | L65: ĐH Bình Dương | M65: Xây dựng website bán hàng thời trang | N65: - Mục đích của đề tài là nghiên cứu, thiết kế và xây dựng website bán hàng thời trang nhằm mở rộng quy mô kinh doanh, nâng cao chất lượng trải nghiệm mua sắm của khách hàng, đồng thời tối ưu hóa quy trình quản lý và vận hành hoạt động kinh doanh so với các mô hình bán hàng thông qua mạng xã hội | P65: 181 | Q65: 63 | R65: =VLOOKUP(B65,DS_ĐKMH_P.ĐT_24102025!$B$4:$J$220,2,0) -> Nguyễn Minh | S65: =VLOOKUP(B65,DS_ĐKMH_P.ĐT_24102025!$B$4:$J$220,3,0) -> Triều | T65: =VLOOKUP(B65,DS_ĐKMH_P.ĐT_24102025!$B$4:$J$220,4,0) -> D20_TH01
A66: 59 | B66: DH52105312 | C66: Trần Hà Xuân | D66: Thịnh | E66: D21_TH02 | F66: 0349573458 | G66: DH52105312@student.stu.edu.vn | H66: Ứng dụng trên Web | I66: 159 | J66: HUỲNH QUANG ĐỨC | K66: Thạc sĩ | L66: ĐH Bình Dương | M66: Xây dựng website tìm kiếm việc làm | N66: Mục đích của đề tài là xây dựng một website hỗ trợ kết nối giữa người tìm việc và nhà tuyển dụng, giúp việc tìm kiếm và đăng tuyển việc làm diễn ra nhanh chóng, hiệu quả và minh bạch | P66: 191 | Q66: 64 | R66: =VLOOKUP(B66,DS_ĐKMH_P.ĐT_24102025!$B$4:$J$220,2,0) -> Trần Hà Xuân | S66: =VLOOKUP(B66,DS_ĐKMH_P.ĐT_24102025!$B$4:$J$220,3,0) -> Thịnh | T66: =VLOOKUP(B66,DS_ĐKMH_P.ĐT_24102025!$B$4:$J$220,4,0) -> D21_TH02
A67: 60 | B67: DH52103682 | C67: Bùi Minh | D67: Phúc | E67: D21_TH01 | F67: 0359128746 | G67: DH52103682@student.stu.edu.vn | H67: Ứng dụng trên Web | I67: 160 | J67: HUỲNH QUANG ĐỨC | K67: Thạc sĩ | L67: ĐH Bình Dương | M67: Xây dựng website quản lý nhân sự cho công ty công nghệ phần mềm | N67: Đề tài “Xây dựng website quản lý nhân sự” nhằm phát triển một hệ thống hỗ trợ doanh nghiệp trong việc quản lý và vận hành đội ngũ nhân viên một cách hiệu quả, minh bạch và hiện đại. Website giúp tối ưu hóa quy trình làm việc, giảm thiểu công việc giấy tờ, đồng thời tăng cường khả năng truy cập và bảo mật thông tin | P67: 192 | Q67: 65 | R67: =VLOOKUP(B67,DS_ĐKMH_P.ĐT_24102025!$B$4:$J$220,2,0) -> Bùi Minh | S67: =VLOOKUP(B67,DS_ĐKMH_P.ĐT_24102025!$B$4:$J$220,3,0) -> Phúc | T67: =VLOOKUP(B67,DS_ĐKMH_P.ĐT_24102025!$B$4:$J$220,4,0) -> D21_TH01
A68: 61 | B68: DH52107203 | C68: Nguyễn Ngọc | D68: Thiện | E68: D21_TH01 | F68: 0962419209 | G68: DH52107203@student.stu.edu.vn | H68: Ứng dụng trên Web | I68: 160 | J68: HUỲNH QUANG ĐỨC | K68: Thạc sĩ | L68: ĐH Bình Dương | P68: 202 | Q68: 66 | R68: =VLOOKUP(B68,DS_ĐKMH_P.ĐT_24102025!$B$4:$J$220,2,0) -> Nguyễn Ngọc | S68: =VLOOKUP(B68,DS_ĐKMH_P.ĐT_24102025!$B$4:$J$220,3,0) -> Thiện | T68: =VLOOKUP(B68,DS_ĐKMH_P.ĐT_24102025!$B$4:$J$220,4,0) -> D21_TH01
A69: 62 | B69: DH52113745 | C69: Nguyễn Thành | D69: Lợi | E69: D21_TH14 | F69: #N/A | G69: #N/A | H69: Ứng dụng trên Web | I69: 57 | J69: LÊ TRIỆU NGỌC ĐỨC | K69: Thạc sĩ | L69: ĐH CNSG | M69: Xây dựng website đặt phòng khách sạn. | N69: Tìm hiểu nghiệp vụ. Phân tích và thiết kết CSDL Hiện thực website dùng Laravel + Mysql gồm 2 phần: User: Tìm kiếm phòng, Đặt phòng, Đánh gíá, Bình luận Admin: Quản lý phòng, Quản lý đặt phòng, quản lý dịch vụ,.. | P69: 67 | Q69: 67 | R69: =VLOOKUP(B69,DS_ĐKMH_P.ĐT_24102025!$B$4:$J$220,2,0) -> Nguyễn Thành | S69: =VLOOKUP(B69,DS_ĐKMH_P.ĐT_24102025!$B$4:$J$220,3,0) -> Lợi | T69: =VLOOKUP(B69,DS_ĐKMH_P.ĐT_24102025!$B$4:$J$220,4,0) -> D21_TH14
A70: 63 | B70: DH52111263 | C70: Nguyễn Hòa | D70: Lợi | E70: D21_TH14 | F70: #N/A | G70: #N/A | H70: Ứng dụng trên Web | I70: 60 | J70: LÊ TRIỆU NGỌC ĐỨC | K70: Thạc sĩ | L70: ĐH CNSG | P70: 72 | Q70: 71 | R70: =VLOOKUP(B70,DS_ĐKMH_P.ĐT_24102025!$B$4:$J$220,2,0) -> Nguyễn Hòa | S70: =VLOOKUP(B70,DS_ĐKMH_P.ĐT_24102025!$B$4:$J$220,3,0) -> Lợi | T70: =VLOOKUP(B70,DS_ĐKMH_P.ĐT_24102025!$B$4:$J$220,4,0) -> D21_TH14
A71: 64 | B71: DH52111482 | C71: Võ Văn | D71: Phát | E71: D21_TH09 | F71: 0937689655 | G71: DH52111482@student.stu.edu.vn | H71: Ứng dụng trên Web | I71: 58 | J71: LÊ TRIỆU NGỌC ĐỨC | K71: Thạc sĩ | L71: ĐH CNSG | M71: Xây dựng website đặt tour du lịch. | N71: Tìm hiểu nghiệp vụ. Phân tích và thiết kết CSDL Hiện thực website dùng Laravel + Mysql gồm 2 phần: User: Tìm kiếm tour du lịch, Đặt tour, Đánh gíá, Bình luận Admin: Quản lý tour, Quản lý đặt tour, quản lý dịch vụ,.. | P71: 69 | Q71: 68 | R71: =VLOOKUP(B71,DS_ĐKMH_P.ĐT_24102025!$B$4:$J$220,2,0) -> Võ Văn | S71: =VLOOKUP(B71,DS_ĐKMH_P.ĐT_24102025!$B$4:$J$220,3,0) -> Phát | T71: =VLOOKUP(B71,DS_ĐKMH_P.ĐT_24102025!$B$4:$J$220,4,0) -> D21_TH09
A72: 65 | B72: DH52100776 | C72: Vũ Trung | D72: Nguyên | E72: D21_TH09 | F72: 0931329585 | G72: DH52100776@student.stu.edu.vn | H72: Ứng dụng trên Web | I72: 58 | J72: LÊ TRIỆU NGỌC ĐỨC | K72: Thạc sĩ | L72: ĐH CNSG | P72: 70 | Q72: 69 | R72: =VLOOKUP(B72,DS_ĐKMH_P.ĐT_24102025!$B$4:$J$220,2,0) -> Vũ Trung | S72: =VLOOKUP(B72,DS_ĐKMH_P.ĐT_24102025!$B$4:$J$220,3,0) -> Nguyên | T72: =VLOOKUP(B72,DS_ĐKMH_P.ĐT_24102025!$B$4:$J$220,4,0) -> D21_TH09
A73: 66 | B73: DH52111612 | C73: Trần Nguyễn Hoàng | D73: Quân | E73: D21_TH10 | F73: 0911341117 | G73: DH52111612@student.stu.edu.vn | H73: Ứng dụng trên Web | I73: 59 | J73: LÊ TRIỆU NGỌC ĐỨC | K73: Thạc sĩ | L73: ĐH CNSG | M73: Xây dựng website quản lý phòng nha | N73: Tìm hiểu nghiệp vụ. Phân tích và thiết kết CSDL Hiện thực website frontend: Nextjs, backedn: Nodejs + Mysql Gồm các tính năng: QUản lý nha sỹ, quản lý thông tin bệnh nhân, quản lý lịch khám,... | P73: 71 | Q73: 70 | R73: =VLOOKUP(B73,DS_ĐKMH_P.ĐT_24102025!$B$4:$J$220,2,0) -> Trần Nguyễn Hoàng | S73: =VLOOKUP(B73,DS_ĐKMH_P.ĐT_24102025!$B$4:$J$220,3,0) -> Quân | T73: =VLOOKUP(B73,DS_ĐKMH_P.ĐT_24102025!$B$4:$J$220,4,0) -> D21_TH10
A74: 67 | B74: DH52007089 | C74: Huỳnh Minh | D74: Khoa | E74: D20_TH11 | F74: 0898175595 | G74: DH52007089@student.stu.edu.vn | H74: * | I74: 173 | J74: LÊ TRIỆU NGỌC ĐỨC | K74: Thạc sĩ | L74: ĐH CNSG | M74: Xây dựng website bán điện thoại. | N74: Tìm hiểu nghiệp vụ. Phân tích và thiết kết CSDL Hiện thực website dùng Laravel + Mysql gồm 2 phần: User: Tìm kiếm điện thoại, Đặt hàng, Đánh gíá, Bình luận Admin: Quản lý Danh Mục, Quản lý đặt hàng, quản lý dịch vụ khuyến mãi,.. | Q74: 73 | R74: =VLOOKUP(B74,DS_ĐKMH_P.ĐT_24102025!$B$4:$J$220,2,0) -> Huỳnh Minh | S74: =VLOOKUP(B74,DS_ĐKMH_P.ĐT_24102025!$B$4:$J$220,3,0) -> Khoa | T74: =VLOOKUP(B74,DS_ĐKMH_P.ĐT_24102025!$B$4:$J$220,4,0) -> D20_TH11
A75: 68 | B75: DH51905046 | C75: Kha Trí | D75: Hùng | E75: D19_TH05 | F75: 0356065109 | G75: DH51905046@student.stu.edu.vn | J75: LÊ TRIỆU NGỌC ĐỨC | K75: Thạc sĩ | L75: ĐH CNSG | M75: Xây dựng website bán hoa tươi. | N75: Tìm hiểu nghiệp vụ. Phân tích và thiết kết CSDL Hiện thực website dùng PHP (MVC) + Mysql gồm 2 phần: User: Tìm kiếm, Đặt hàng, Đánh gíá, Bình luận Admin: Quản lý danh mục, Quản lý đơn hàng, quản lý dịch vụ,.. | Q75: 75 | R75: =VLOOKUP(B75,DS_ĐKMH_P.ĐT_24102025!$B$4:$J$220,2,0) -> Kha Trí | S75: =VLOOKUP(B75,DS_ĐKMH_P.ĐT_24102025!$B$4:$J$220,3,0) -> Hùng | T75: =VLOOKUP(B75,DS_ĐKMH_P.ĐT_24102025!$B$4:$J$220,4,0) -> D19_TH05
A76: 69 | B76: DH52112118 | C76: Trần Hoàng | D76: Vương | E76: D21_TH13 | F76: 0987038840 | G76: DH52112118@student.stu.edu.vn | H76: Ứng dụng trên Web | I76: 76 | J76: NGUYỄN THỊ NGÂN HÀ | K76: Thạc sĩ | L76: ĐH CNSG | M76: Xây dựng website bán bò sát | N76: Xây dựng website bán bò sát cho phép quản lý sản phẩm, khách hàng và đơn hàng; hỗ trợ tìm kiếm, đặt mua trực tuyến, quản lý khuyến mãi và báo cáo doanh thu | P76: 93 | Q76: 76 | R76: =VLOOKUP(B76,DS_ĐKMH_P.ĐT_24102025!$B$4:$J$220,2,0) -> Trần Hoàng | S76: =VLOOKUP(B76,DS_ĐKMH_P.ĐT_24102025!$B$4:$J$220,3,0) -> Vương | T76: =VLOOKUP(B76,DS_ĐKMH_P.ĐT_24102025!$B$4:$J$220,4,0) -> D21_TH13
A77: 70 | B77: DH52002202 | C77: Nguyễn Tuấn | D77: Vũ | E77: D20_TH02 | F77: #N/A | G77: #N/A | H77: Ứng dụng trên Web | I77: 94 | J77: NGUYỄN THỊ NGÂN HÀ | K77: Thạc sĩ | L77: ĐH CNSG | M77: Xây dựng WEBSITE cho cửa hàng bách hóa | N77: Xây dựng website quản lý bán hàng trực tuyến. Người dùng có thể xem, mua sản phẩm, quản lý giỏ hàng, đơn hàng, địa chỉ giao hàng, trong khi quản trị viên (Admin) có thể quản lý sản phẩm, danh mục, người dùng và theo dõi đơn hàng. | P77: 113 | Q77: 77 | R77: =VLOOKUP(B77,DS_ĐKMH_P.ĐT_24102025!$B$4:$J$220,2,0) -> Nguyễn Tuấn | S77: =VLOOKUP(B77,DS_ĐKMH_P.ĐT_24102025!$B$4:$J$220,3,0) -> Vũ | T77: =VLOOKUP(B77,DS_ĐKMH_P.ĐT_24102025!$B$4:$J$220,4,0) -> D20_TH02
A78: 71 | B78: DH52003489 | C78: Nguyễn Thanh | D78: Hải | E78: D20_TH03 | F78: #N/A | G78: #N/A | H78: Ứng dụng trên Web | I78: 94 | J78: NGUYỄN THỊ NGÂN HÀ | K78: Thạc sĩ | L78: ĐH CNSG | M78: Xây dựng website bán điện thoại | N78: Xây dựng website quản lý bán điện thoại cho phép quàn lý và sản phẩm khách hàng và đơn hàng có thể tìm kiếm đặt mua online | P78: 114 | Q78: 78 | R78: =VLOOKUP(B78,DS_ĐKMH_P.ĐT_24102025!$B$4:$J$220,2,0) -> Nguyễn Thanh | S78: =VLOOKUP(B78,DS_ĐKMH_P.ĐT_24102025!$B$4:$J$220,3,0) -> Hải | T78: =VLOOKUP(B78,DS_ĐKMH_P.ĐT_24102025!$B$4:$J$220,4,0) -> D20_TH03
A79: 72 | B79: DH52111976 | C79: Nguyễn Minh | D79: Trường | E79: D21_TH13 | F79: 0939024432 | G79: DH52111976@student.stu.edu.vn | H79: Ứng dụng trên Web | I79: 140 | J79: NGUYỄN THỊ NGÂN HÀ | K79: Thạc sĩ | L79: ĐH CNSG | M79: Xây dựng website đặt lịch khám bệnh | N79: Xây dựng website đặt lịch khám bệnh có thể đặt lịch theo thời gian phù hợp nhằm đảm bảo hạn chế trường hợp quá tải bệnh nhân, hệ thống hỗ trợ quản lý lịch sửa đặt lịch, hồ sơ bệnh án để bệnh nhân có thể theo dõi theo từng đợt khám, quản lý bác sĩ, doanh thu của phòng khám, quản lý các ca làm việc, hỗ trợ đặt lịch hộ trong trường hợp người dùng không biêt cách đặt khám, quản lý thuốc | P79: 168 | Q79: 79 | R79: =VLOOKUP(B79,DS_ĐKMH_P.ĐT_24102025!$B$4:$J$220,2,0) -> Nguyễn Minh | S79: =VLOOKUP(B79,DS_ĐKMH_P.ĐT_24102025!$B$4:$J$220,3,0) -> Trường | T79: =VLOOKUP(B79,DS_ĐKMH_P.ĐT_24102025!$B$4:$J$220,4,0) -> D21_TH13
A80: 73 | B80: DH52111695 | C80: Nguyễn Văn | D80: Tài | E80: D21_TH13 | F80: 0985141631 | G80: DH52111695@student.stu.edu.vn | H80: Ứng dụng trên Web | I80: 140 | J80: NGUYỄN THỊ NGÂN HÀ | K80: Thạc sĩ | L80: ĐH CNSG | P80: 169 | Q80: 80 | R80: =VLOOKUP(B80,DS_ĐKMH_P.ĐT_24102025!$B$4:$J$220,2,0) -> Nguyễn Văn | S80: =VLOOKUP(B80,DS_ĐKMH_P.ĐT_24102025!$B$4:$J$220,3,0) -> Tài | T80: =VLOOKUP(B80,DS_ĐKMH_P.ĐT_24102025!$B$4:$J$220,4,0) -> D21_TH13
A81: 74 | B81: DH52103137 | C81: Phan Tuấn | D81: Dũng | E81: D21_TH01 | F81: 0357716720 | G81: DH52103137@student.stu.edu.vn | H81: * | I81: 175 | J81: NGUYỄN THỊ NGÂN HÀ | K81: Thạc sĩ | L81: ĐH CNSG | M81: XÂY DỰNG WEBSITE HỔ TRỢ HỌC TẬP TIẾNG ANH | N81: Xây dựng website hổ trợ học tập tiếng anh nhắc nhở hoàn thành khóa học và bán khóa Có bài kiểm tra để đánh giá năng lực. | Q81: 81 | R81: =VLOOKUP(B81,DS_ĐKMH_P.ĐT_24102025!$B$4:$J$220,2,0) -> Phan Tuấn | S81: =VLOOKUP(B81,DS_ĐKMH_P.ĐT_24102025!$B$4:$J$220,3,0) -> Dũng | T81: =VLOOKUP(B81,DS_ĐKMH_P.ĐT_24102025!$B$4:$J$220,4,0) -> D21_TH01
A82: 75 | B82: DH52111881 | C82: Trần Thủy | D82: Tiên | E82: D21_TH08 | F82: 0327458490 | G82: DH52111881@student.stu.edu.vn | H82: Ứng dụng trên Web | I82: 27 | J82: TRẦN VĂN HÙNG | K82: Thạc sĩ | L82: ĐH CNSG | M82: Xây dựng website bán hoa tươi | N82: - Tìm hiểu nghiệp vụ quản lý, bán hàng của một cửa hàng bán hoa tươi. - Tìm hiểu các công nghệ phát triển website. - Xây dựng CSDL - Cài đặt ứng dụng web bằng công nghệ: React, Node.js và Mysql | P82: 29 | Q82: 82 | R82: =VLOOKUP(B82,DS_ĐKMH_P.ĐT_24102025!$B$4:$J$220,2,0) -> Trần Thủy | S82: =VLOOKUP(B82,DS_ĐKMH_P.ĐT_24102025!$B$4:$J$220,3,0) -> Tiên | T82: =VLOOKUP(B82,DS_ĐKMH_P.ĐT_24102025!$B$4:$J$220,4,0) -> D21_TH08
A83: 76 | B83: DH52108380 | C83: Đoàn Thị Yến | D83: Bình | E83: D21_TH06 | F83: 0824108001 | G83: DH52108380@student.stu.edu.vn | H83: Ứng dụng trên Web | I83: 27 | J83: TRẦN VĂN HÙNG | K83: Thạc sĩ | L83: ĐH CNSG | P83: 30 | Q83: 83 | R83: =VLOOKUP(B83,DS_ĐKMH_P.ĐT_24102025!$B$4:$J$220,2,0) -> Đoàn Thị Yến | S83: =VLOOKUP(B83,DS_ĐKMH_P.ĐT_24102025!$B$4:$J$220,3,0) -> Bình | T83: =VLOOKUP(B83,DS_ĐKMH_P.ĐT_24102025!$B$4:$J$220,4,0) -> D21_TH06
A84: 77 | B84: Dh52113292 | C84: Lê Minh | D84: Kiệt | E84: D21_TH08 | F84: 0937733385 | G84: DH52113292@student.stu.edu.vn | H84: Ứng dụng trên Web | I84: 34 | J84: TRẦN VĂN HÙNG | K84: Thạc sĩ | L84: ĐH CNSG | M84: Xây dựng website bán Sách online | N84: - Tìm hiểu nghiệp vụ quản lý, bán hàng của một nhà sách. - Tìm hiểu các công nghệ phát triển website. - Xây dựng CSDL - Cài đặt ứng dụng web bằng công nghệ: React, Node.js và Mysql | P84: 39 | Q84: 84 | R84: =VLOOKUP(B84,DS_ĐKMH_P.ĐT_24102025!$B$4:$J$220,2,0) -> Lê Minh | S84: =VLOOKUP(B84,DS_ĐKMH_P.ĐT_24102025!$B$4:$J$220,3,0) -> Kiệt | T84: =VLOOKUP(B84,DS_ĐKMH_P.ĐT_24102025!$B$4:$J$220,4,0) -> D21_TH08
A85: 78 | B85: DH52111411 | C85: Trần Trọng | D85: Nhân | E85: D21_TH08 | F85: 02723867856 | G85: DH52111411@student.stu.edu.vn | H85: Ứng dụng trên Web | I85: 34 | J85: TRẦN VĂN HÙNG | K85: Thạc sĩ | L85: ĐH CNSG | P85: 40 | Q85: 85 | R85: =VLOOKUP(B85,DS_ĐKMH_P.ĐT_24102025!$B$4:$J$220,2,0) -> Trần Trọng | S85: =VLOOKUP(B85,DS_ĐKMH_P.ĐT_24102025!$B$4:$J$220,3,0) -> Nhân | T85: =VLOOKUP(B85,DS_ĐKMH_P.ĐT_24102025!$B$4:$J$220,4,0) -> D21_TH08
A86: 79 | B86: DH52110780 | C86: Nguyễn Tấn | D86: Đạt | E86: D21_TH08 | F86: #N/A | G86: #N/A | H86: Ứng dụng trên Web | I86: 69 | J86: TRẦN VĂN HÙNG | K86: Thạc sĩ | L86: ĐH CNSG | M86: Xây dựng website bán nội thất văn phòng | N86: - Tìm hiểu nghiệp vụ quản lý bán hàng của một cửa hàng nội thất văn phòng. - Tìm hiểu các công nghệ phát triển website. - Tìm hiểu AI và tích hợp AI hỗ trợ phân tích kinh doanh và phân tích đánh giá sản phẩm. - Xây dựng CSDL - Cài đặt ứng dụng web bằng công nghệ: React, Node.js và Mysql | P86: 83 | Q86: 86 | R86: =VLOOKUP(B86,DS_ĐKMH_P.ĐT_24102025!$B$4:$J$220,2,0) -> Nguyễn Tấn | S86: =VLOOKUP(B86,DS_ĐKMH_P.ĐT_24102025!$B$4:$J$220,3,0) -> Đạt | T86: =VLOOKUP(B86,DS_ĐKMH_P.ĐT_24102025!$B$4:$J$220,4,0) -> D21_TH08
A87: 80 | B87: DH52104298 | C87: Lê Thị Ly | D87: Ly | E87: D21_TH08 | F87: 0339519874 | G87: DH52104298@student.stu.edu.vn | H87: Ứng dụng trên Web | I87: 69 | J87: TRẦN VĂN HÙNG | K87: Thạc sĩ | L87: ĐH CNSG | P87: 84 | Q87: 87 | R87: =VLOOKUP(B87,DS_ĐKMH_P.ĐT_24102025!$B$4:$J$220,2,0) -> Lê Thị Ly | S87: =VLOOKUP(B87,DS_ĐKMH_P.ĐT_24102025!$B$4:$J$220,3,0) -> Ly | T87: =VLOOKUP(B87,DS_ĐKMH_P.ĐT_24102025!$B$4:$J$220,4,0) -> D21_TH08
A88: 81 | B88: DH52103511 | C88: Phạm Hữu | D88: Chí | E88: D21_TH01 | F88: 0385920397 | G88: DH52103511@student.stu.edu.vn | H88: Ứng dụng trên Web | I88: 70 | J88: TRẦN VĂN HÙNG | K88: Thạc sĩ | L88: ĐH CNSG | M88: Xây dựng website bán bánh online | N88: - Tìm hiểu nghiệp vụ quản lý, bán hàng của cửa hàng bán bánh - Tìm hiểu các công nghệ phát triển website. - Xây dựng CSDL - Cài đặt ứng dụng web bằng công nghệ: React - Node.js - MySQL | P88: 85 | Q88: 88 | R88: =VLOOKUP(B88,DS_ĐKMH_P.ĐT_24102025!$B$4:$J$220,2,0) -> Phạm Hữu | S88: =VLOOKUP(B88,DS_ĐKMH_P.ĐT_24102025!$B$4:$J$220,3,0) -> Chí | T88: =VLOOKUP(B88,DS_ĐKMH_P.ĐT_24102025!$B$4:$J$220,4,0) -> D21_TH01
A89: 82 | B89: DH52113016 | C89: Huỳnh Quốc | D89: Duy | E89: D21_TH14 | F89: 0362949286 | G89: DH52113016@student.stu.edu.vn | H89: Ứng dụng trên Web | I89: 75 | J89: TRẦN VĂN HÙNG | K89: Thạc sĩ | L89: ĐH CNSG | P89: 92 | Q89: 90 | R89: =VLOOKUP(B89,DS_ĐKMH_P.ĐT_24102025!$B$4:$J$220,2,0) -> Huỳnh Quốc | S89: =VLOOKUP(B89,DS_ĐKMH_P.ĐT_24102025!$B$4:$J$220,3,0) -> Duy | T89: =VLOOKUP(B89,DS_ĐKMH_P.ĐT_24102025!$B$4:$J$220,4,0) -> D21_TH14
A90: 83 | B90: DH52109230 | C90: Trần Phạm Thanh | D90: Phong | E90: D21_TH07 | F90: #N/A | G90: #N/A | H90: Ứng dụng trên Web | I90: 74 | J90: TRẦN VĂN HÙNG | K90: Thạc sĩ | L90: ĐH CNSG | M90: Xây dựng website bán đồ thủ công online | N90: - Tìm hiểu nghiệp vụ quản lý, bán hàng của cửa hàng bán đồ thủ công. - Tìm hiểu các công nghệ phát triển website. - Xây dựng CSDL - Cài đặt ứng dụng web bằng công nghệ: React - Node.js - Mysql | O90: ĐKMH BS | P90: 91 | Q90: 89 | R90: =VLOOKUP(B90,DS_ĐKMH_P.ĐT_24102025!$B$4:$J$220,2,0) -> #N/A | S90: =VLOOKUP(B90,DS_ĐKMH_P.ĐT_24102025!$B$4:$J$220,3,0) -> #N/A | T90: =VLOOKUP(B90,DS_ĐKMH_P.ĐT_24102025!$B$4:$J$220,4,0) -> #N/A
A91: 84 | B91: DH52113526 | C91: Trần Thái | D91: Duy | E91: D21_TH11 | F91: 0935183461 | G91: DH52113526@student.stu.edu.vn | H91: Ứng dụng trên Web | I91: 102 | J91: TRẦN VĂN HÙNG | K91: Thạc sĩ | L91: ĐH CNSG | M91: Xây dựng website bán rau củ | N91: - Tìm hiểu nghiệp vụ quản lý, bán hàng của cửa hàng bán rau củ - Tìm hiểu các công nghệ phát triển website. - Xây dựng CSDL - Cài đặt ứng dụng web bằng Laravel - Mysql | P91: 123 | Q91: 91 | R91: =VLOOKUP(B91,DS_ĐKMH_P.ĐT_24102025!$B$4:$J$220,2,0) -> Trần Thái | S91: =VLOOKUP(B91,DS_ĐKMH_P.ĐT_24102025!$B$4:$J$220,3,0) -> Duy | T91: =VLOOKUP(B91,DS_ĐKMH_P.ĐT_24102025!$B$4:$J$220,4,0) -> D21_TH11
A92: 85 | B92: DH52112786 | C92: Đinh Quang | D92: Thịnh | E92: D21_TH10 | F92: 0931487603 | G92: DH52112786@student.stu.edu.vn | H92: Ứng dụng trên Mobile | I92: 26 | J92: HỒ ĐÌNH KHẢ | K92: Thạc sĩ | L92: ĐH CNSG | M92: Xây dựng ứng dụng quản lý phòng trọ | N92: Ứng dụng quản lý phòng trọ cho phép quản lý phòng, vật tư, dịch vụ. Quản lý khách hàng và hóa đơn hàng tháng | P92: 28 | Q92: 92 | R92: =VLOOKUP(B92,DS_ĐKMH_P.ĐT_24102025!$B$4:$J$220,2,0) -> Đinh Quang | S92: =VLOOKUP(B92,DS_ĐKMH_P.ĐT_24102025!$B$4:$J$220,3,0) -> Thịnh | T92: =VLOOKUP(B92,DS_ĐKMH_P.ĐT_24102025!$B$4:$J$220,4,0) -> D21_TH10
A93: 86 | B93: DH52111681 | C93: Lê Anh | D93: Tài | E93: D21_TH10 | F93: 0967788246 | G93: DH52111681@student.stu.edu.vn | H93: Ứng dụng trên Mobile | I93: 29 | J93: HỒ ĐÌNH KHẢ | K93: Thạc sĩ | L93: ĐH CNSG | M93: Xây dựng ứng dụng quản lý cơ sở Bida | N93: Ứng dụng quản lý hoạt động chuỗi cơ sở Bida. Quản lý doanh thu ,nhân viên các dịch vụ hỗ trợ | P93: 33 | Q93: 93 | R93: =VLOOKUP(B93,DS_ĐKMH_P.ĐT_24102025!$B$4:$J$220,2,0) -> Lê Anh | S93: =VLOOKUP(B93,DS_ĐKMH_P.ĐT_24102025!$B$4:$J$220,3,0) -> Tài | T93: =VLOOKUP(B93,DS_ĐKMH_P.ĐT_24102025!$B$4:$J$220,4,0) -> D21_TH10
A94: 87 | B94: DH52111067 | C94: Trần Minh | D94: Hưng | E94: D21_TH11 | F94: 0932078352 | G94: DH52111067@student.stu.edu.vn | H94: Ứng dụng trên Mobile | I94: 30 | J94: HỒ ĐÌNH KHẢ | K94: Thạc sĩ | L94: ĐH CNSG | M94: Xây dựng App theo dõi và hỗ trợ bình luận bóng đá | N94: Ứng dụng cung cấp thông tin các giải đấu bóng đá, cho phép các BLV và người dùng tương tác và đánh giá | P94: 34 | Q94: 94 | R94: =VLOOKUP(B94,DS_ĐKMH_P.ĐT_24102025!$B$4:$J$220,2,0) -> Trần Minh | S94: =VLOOKUP(B94,DS_ĐKMH_P.ĐT_24102025!$B$4:$J$220,3,0) -> Hưng | T94: =VLOOKUP(B94,DS_ĐKMH_P.ĐT_24102025!$B$4:$J$220,4,0) -> D21_TH11
A95: 88 | B95: DH52007186 | C95: Trần Như | D95: Nguyện | E95: D20_TH10 | F95: 0388065951 | G95: DH52007186@student.stu.edu.vn | H95: Ứng dụng trên Web | I95: 31 | J95: HỒ ĐÌNH KHẢ | K95: Thạc sĩ | L95: ĐH CNSG | M95: Xây dựng ứng dụng quản lý đặt phòng khách sạn | N95: Ứng dụng cho phép quản lý việc đặt phòng của một khách sạn. | P95: 35 | Q95: 95 | R95: =VLOOKUP(B95,DS_ĐKMH_P.ĐT_24102025!$B$4:$J$220,2,0) -> Trần Như | S95: =VLOOKUP(B95,DS_ĐKMH_P.ĐT_24102025!$B$4:$J$220,3,0) -> Nguyện | T95: =VLOOKUP(B95,DS_ĐKMH_P.ĐT_24102025!$B$4:$J$220,4,0) -> D20_TH10
A96: 89 | B96: DH52004272 | C96: Lưu Thị Thanh | D96: Thảo | E96: D20_TH06 | F96: 0329824880 | G96: DH52004272@student.stu.edu.vn | H96: Ứng dụng trên Web | I96: 31 | J96: HỒ ĐÌNH KHẢ | K96: Thạc sĩ | L96: ĐH CNSG | P96: 36 | Q96: 96 | R96: =VLOOKUP(B96,DS_ĐKMH_P.ĐT_24102025!$B$4:$J$220,2,0) -> Lưu Thị Thanh | S96: =VLOOKUP(B96,DS_ĐKMH_P.ĐT_24102025!$B$4:$J$220,3,0) -> Thảo | T96: =VLOOKUP(B96,DS_ĐKMH_P.ĐT_24102025!$B$4:$J$220,4,0) -> D20_TH06
A97: 90 | B97: DH52111401 | C97: Lê Quang | D97: Nhân | E97: D21_TH08 | F97: 0393638193 | G97: DH52111401@student.stu.edu.vn | H97: Ứng dụng trên Web | I97: 33 | J97: HỒ ĐÌNH KHẢ | K97: Thạc sĩ | L97: ĐH CNSG | M97: Xây dựng Web site kinh doanh Laptop | N97: Xây dựng web site thương mại mua bán sản phẩm laptop | P97: 38 | Q97: 97 | R97: =VLOOKUP(B97,DS_ĐKMH_P.ĐT_24102025!$B$4:$J$220,2,0) -> Lê Quang | S97: =VLOOKUP(B97,DS_ĐKMH_P.ĐT_24102025!$B$4:$J$220,3,0) -> Nhân | T97: =VLOOKUP(B97,DS_ĐKMH_P.ĐT_24102025!$B$4:$J$220,4,0) -> D21_TH08
A98: 91 | B98: DH52111720 | C98: Nguyễn Công | D98: Tấn | E98: D21_TH10 | G98: DH52111720@student.stu.edu.vn | H98: Ứng dụng Java | I98: 44 | J98: HỒ ĐÌNH KHẢ | K98: Thạc sĩ | L98: ĐH CNSG | M98: Xây dựng ứng dụng đấu giá sản phẩm | N98: Ứng dụng như một sàn đấu giá cho phép người dụng bán hoặc mua sản phẩm thông qua hình thức đấu giá | P98: 52 | Q98: 98 | R98: =VLOOKUP(B98,DS_ĐKMH_P.ĐT_24102025!$B$4:$J$220,2,0) -> Nguyễn Công | S98: =VLOOKUP(B98,DS_ĐKMH_P.ĐT_24102025!$B$4:$J$220,3,0) -> Tấn | T98: =VLOOKUP(B98,DS_ĐKMH_P.ĐT_24102025!$B$4:$J$220,4,0) -> D21_TH10
A99: 92 | B99: DH52111794 | C99: Nguyễn Chí | D99: Thiện | E99: D21_TH13 | F99: 0979286060 | G99: DH52111794@student.stu.edu.vn | H99: Ứng dụng Java | I99: 44 | J99: HỒ ĐÌNH KHẢ | K99: Thạc sĩ | L99: ĐH CNSG | P99: 53 | Q99: 99 | R99: =VLOOKUP(B99,DS_ĐKMH_P.ĐT_24102025!$B$4:$J$220,2,0) -> Nguyễn Chí | S99: =VLOOKUP(B99,DS_ĐKMH_P.ĐT_24102025!$B$4:$J$220,3,0) -> Thiện | T99: =VLOOKUP(B99,DS_ĐKMH_P.ĐT_24102025!$B$4:$J$220,4,0) -> D21_TH13
A100: 93 | B100: DH52106859 | C100: Phạm Phúc | D100: Khả | E100: D21_TH01 | F100: 0924993500 | G100: DH52106859@student.stu.edu.vn | J100: HỒ ĐÌNH KHẢ | K100: Thạc sĩ | L100: ĐH CNSG | M100: Xây dựng ứng dụng Game | N100: Xây dựng ứng dụng Game hành động sử dụng unity | Q100: 100 | R100: =VLOOKUP(B100,DS_ĐKMH_P.ĐT_24102025!$B$4:$J$220,2,0) -> Phạm Phúc | S100: =VLOOKUP(B100,DS_ĐKMH_P.ĐT_24102025!$B$4:$J$220,3,0) -> Khả | T100: =VLOOKUP(B100,DS_ĐKMH_P.ĐT_24102025!$B$4:$J$220,4,0) -> D21_TH01
A101: 94 | B101: DH52110534 | C101: Nguyễn Mậu | D101: An | E101: D21_TH08 | F101: 0343513046 | G101: DH52110534@student.stu.edu.vn | H101: Ứng dụng trên Web | I101: 93 | J101: NGUYỄN THƯỜNG KIỆT | K101: Thạc sĩ | L101: Cty cổ phần công nghệ FINVIET | M101: Xây dựng website luyện các kỹ năng tiếng Anh dựa trên nền tảng trí tuệ nhân tạo | N101: Xây dựng website tích hợp trí tuệ nhân tạo để tạo ra một môi trường học tiếng Anh tương tác, giúp người dùng chủ động luyện tập và cải thiện toàn diện các kỹ năng Viết, Nói, Nghe và Từ vựng thông qua cơ chế phản hồi thông minh, tức thì và được cá nhân hóa. | P101: 112 | Q101: 101 | R101: =VLOOKUP(B101,DS_ĐKMH_P.ĐT_24102025!$B$4:$J$220,2,0) -> Nguyễn Mậu | S101: =VLOOKUP(B101,DS_ĐKMH_P.ĐT_24102025!$B$4:$J$220,3,0) -> An | T101: =VLOOKUP(B101,DS_ĐKMH_P.ĐT_24102025!$B$4:$J$220,4,0) -> D21_TH08
...

Sheet SVĐK_TheoLink
A1: Timestamp | B1: Email Address | C1: Họ và tên sinh viên 1 | D1: Lớp sinh viên 1 | E1: Mã sinh viên 1 | F1: Số điện thoại sinh viên 1 | G1: Số Nhóm | H1: Có làm chung nhóm với sinh viên khác không?
A2: 45919.487 | B2: dh52111445@student.stu.edu.vn | C2: Lê Trần Ngọc Như | D2: D21_TH09 | E2: DH52111445 | F2: 347846586 | G2: 1 | H2: Ứng dụng trên Web
A3: 45919.503 | B3: dh52111171@student.stu.edu.vn | C3: Lâm Tuấn Kiệt | D3: D21_TH10 | E3: DH52111171 | F3: 941693505 | G3: 2 | H3: Ứng dụng trên Web
A4: 45919.773 | B4: dh52111143@student.stu.edu.vn | C4: Nguyễn Lê Quốc Khoa | D4: D21_TH10 | E4: DH52111143 | F4: 706718920 | G4: 3 | H4: Ứng dụng trên Web
C5: Nguyễn Trần Minh Khánh | D5: D21_TH10 | E5: DH52111118 | F5: 934683146 | G5: 3
A6: 45919.511 | B6: dh52002723@student.stu.edu.vn | C6: Phạm Ngọc Khoa | D6: D20_TH04 | E6: DH52002723 | F6: 528051699 | G6: 4 | H6: Ứng dụng trên Web
A7: 45919.512 | B7: dh52003935@student.stu.edu.vn | C7: Phạm Châu Phú | D7: D20_TH04 | E7: DH52003935 | F7: 337847385 | G7: 5 | H7: Ứng dụng trên Web
A8: 45919.512 | B8: dh52005870@student.stu.edu.vn | C8: Vũ Trung Kiên | D8: D20_TH08 | E8: DH52005870 | F8: 779182032 | G8: 6 | H8: Ứng dụng trên Web
A9: 45919.529 | B9: dh52111700@student.stu.edu.vn | C9: Thái Tấn Tài | D9: D21_TH09 | E9: DH52111700 | F9: 353004163 | G9: 7 | H9: Ứng dụng trên Web
C10: Nguyễn Thị Minh Thư | D10: D21_TH10 | E10: DH52111863 | F10: 393214927 | G10: 7
A11: 45919.529 | B11: dh52113174@student.stu.edu.vn | C11: Phạm Nguyễn Thanh Tâm | D11: D21_TH12 | E11: DH52113174 | F11: 853705780 | G11: 8 | H11: Ứng dụng trên Web
A12: 45919.531 | B12: dh52106873@student.stu.edu.vn | C12: Nguyễn Hoàng Quan | D12: D21_TH04 | E12: DH52106873 | F12: 777727616 | G12: 9 | H12: Ứng dụng trên Web
A13: 45924.032 | B13: dh52110581@student.stu.edu.vn | C13: Nguyễn ngọc ân | D13: D21_TH13 | E13: DH52110581 | F13: 921266924 | G13: 10 | H13: Ứng dụng trên Web
A14: 45919.534 | B14: dh52111036@student.stu.edu.vn | C14: Nguyễn Xuân Huy | D14: D21_TH11 | E14: DH52111036 | F14: 38712230 | G14: 11 | H14: Ứng dụng trên Web
A15: 45919.535 | B15: dh52110693@student.stu.edu.vn | C15: Đỗ Ngọc Anh Duy | D15: D21_TH13 | E15: DH52110693 | F15: 865006929 | G15: 12 | H15: Ứng dụng trên Web
A16: 45919.545 | B16: dh52110802@student.stu.edu.vn | C16: Trần Ngọc Điền | D16: D21_TH14 | E16: DH52110802 | F16: 374215915 | G16: 13 | H16: Ứng dụng trên Web
A17: 45919.546 | B17: dh52110561@student.stu.edu.vn | C17: Nguyễn Lan Anh | D17: D21_TH11 | E17: DH52110561 | F17: 329186138 | G17: 14 | H17: Ứng dụng trên Mobile
A18: 45919.547 | B18: dh52005731@student.stu.edu.vn | C18: Trần Lê Minh Duy | D18: D20_TH09 | E18: DH52005731 | F18: 838567807 | G18: 15 | H18: Ứng dụng trên Web
A19: 45919.547 | B19: dh52003995@student.stu.edu.vn | C19: Huỳnh Thanh Phúc | D19: D20_TH04 | E19: DH52003995 | F19: 348095507 | G19: 16 | H19: Ứng dụng trên Web
A20: 45919.548 | B20: dh52001281@student.stu.edu.vn | C20: Phạm Tôn Thuận | D20: D20-TH04 | E20: DH52001281 | F20: 902827377 | G20: 17 | H20: Ứng dụng trên Web
A21: 45919.551 | B21: dh52105346@student.stu.edu.vn | C21: Lê Nguyễn Thành Vũ | D21: D21_TH02 | E21: DH52105346 | F21: 763163435 | G21: 19 | H21: Ứng dụng .Net
A22: 45919.553 | B22: lt52200006@student.stu.edu.vn | C22: Trần Minh Nghĩa | D22: L22_TH01 | E22: LT52200006 | F22: 706287664 | G22: 20 | H22: Ứng dụng trên Web
... A25: 45919.565 | B25: dh52111833@student.stu.edu.vn | C25: Lê Nguyễn Minh Thông | D25: D21_TH08 | E25: DH52111833 | F25: 769630210 | G25: 23 | H25: Ứng dụng trên Mobile
C26: Võ Hoàng Phúc | D26: D21_TH08 | E26: DH52111560 | F26: 767764470 | G26: 23
A27: 45919.57 | B27: dh52112019@student.stu.edu.vn | C27: NGUYỄN NGỌC THANH TUỆ | D27: D21_TH08 | E27: DH52112019 | F27: 937863453 | G27: 24 | H27: Ứng dụng trên Web
A28: 45919.574 | B28: dh52111212@student.stu.edu.vn | C28: Nguyễn Hoàng Linh | D28: D21_TH11 | E28: DH52111212 | F28: 941412077 | G28: 25 | H28: Ứng dụng trên Mobile
A29: 45919.575 | B29: dh52112786@student.stu.edu.vn | C29: Đinh Quang Thịnh | D29: D21_TH10 | E29: DH52112786 | F29: 931487603 | G29: 26 | H29: Ứng dụng trên Mobile
A30: 45919.581 | B30: dh52111881@student.stu.edu.vn | C30: Trần Thủy Tiên | D30: D21_TH08 | E30: DH52111881 | F30: 327458490 | G30: 27 | H30: Ứng dụng trên Web
C31: Đoàn Thị Yến Bình | D31: D21_TH06 | E31: DH52108380 | F31: 965687352 | G31: 27
A32: 45919.617 | B32: dh52002303@student.stu.edu.vn | C32: Lê Chí Cường | D32: D20_TH01 | E32: DH52002303 | F32: 904446653 | G32: 28 | H32: Ứng dụng trên Web
C33: Cao Hoàng Nam | D33: D20_TH01 | E33: DH52002302 | F33: 909393047 | G33: 28
A34: 45919.632 | B34: dh52111681@student.stu.edu.vn | C34: Lê Anh Tài | D34: D21_TH10 | E34: DH52111681 | F34: 967788246 | G34: 29 | H34: Ứng dụng trên Mobile
A35: 45919.663 | B35: dh52111067@student.stu.edu.vn | C35: Trần Minh Hưng | D35: D21_TH11 | E35: DH52111067 | F35: 879682202 | G35: 30 | H35: Ứng dụng trên Mobile
A36: 45919.668 | B36: dh52007186@student.stu.edu.vn | C36: Trần Như Nguyện | D36: D20_TH10 | E36: DH52007186 | F36: 388065951 | G36: 31 | H36: Ứng dụng trên Web
C37: Lưu Thị Thanh Thảo | D37: D20_TH06 | E37: DH52004272 | F37: 329824880 | G37: 31
A38: 45919.672 | B38: dh52001037@student.stu.edu.vn | C38: Lê Trung Nam | D38: D20_TH01 | E38: DH52001037 | F38: 559015966 | G38: 32 | H38: Ứng dụng trên Web
A39: 45919.693 | B39: dh52111401@student.stu.edu.vn | C39: Lê Quang Nhân | D39: D21_TH08 | E39: DH52111401 | F39: 337570400 | G39: 33 | H39: Ứng dụng trên Web
A40: 45919.707 | B40: dh52113292@student.stu.edu.vn | C40: Lê Minh Kiệt | D40: D21_TH08 | E40: Dh52113292 | F40: 327733661 | G40: 34 | H40: Ứng dụng trên Web
C41: Trần Trọng Nhân | D41: D21_TH08 | E41: DH52111411 | F41: 334554423 | G41: 34
A42: 45924.713 | B42: dh52104425@student.stu.edu.vn | C42: Nguyễn Thị Nhung | D42: D21_TH09 | E42: DH52111441 | F42: 354219578 | G42: 35 | H42: Ứng dụng trên Web
C43: Nguyễn Anh Quốc ( huỷ đăng ký trước ) | D43: D21-TH07 | E43: DH52104425 | F43: 091 9036717 | G43: 35
A44: 45919.719 | B44: dh52107926@student.stu.edu.vn | C44: Nguyễn Văn Huy | D44: D21_TH05 | E44: DH52107926 | F44: 932774923 | G44: 36 | H44: Ứng dụng trên Web
A45: 45919.768 | B45: dh52111509@student.stu.edu.vn | C45: Nguyễn Thành Tỷ Phú | D45: D21_TH10 | E45: Dh52111509 | F45: 767392039 | G45: 37 | H45: Ứng dụng trên Web
A46: 45919.776 | B46: dh52003563@student.stu.edu.vn | C46: Phan Văn Việt | D46: D20_TH03 | E46: DH52003563 | F46: 934487805 | G46: 38 | H46: Ứng dụng trên Web
A47: 45919.787 | B47: dh51903563@student.stu.edu.vn | C47: Hình Tân Hiệp | D47: D19-TH05 | E47: DH51903563 | F47: 966492994 | G47: 39 | H47: Ứng dụng trên Web
A48: 45919.811 | B48: dh52110593@student.stu.edu.vn | C48: Lê Tôn Bảo | D48: D21_TH13 | E48: DH52110593 | F48: 949965772 | G48: 40 | H48: Ứng dụng trên Web
C49: Mai Trần Duy Anh | D49: D21_TH13 | E49: DH52110553 | F49: 947657637 | G49: 40
A50: 45919.823 | B50: dh52110793@student.stu.edu.vn | C50: Trịnh Phát Đạt | D50: D21_TH08 | E50: DH52110793 | F50: 987070241 | G50: 41 | H50: Ứng dụng trên Web
A51: 45919.885 | B51: dh52110935@student.stu.edu.vn | C51: Nguyễn Đình Hoà | D51: D21_TH13 | E51: DH52110935 | F51: 888254294 | G51: 42 | H51: Ứng dụng trên Web
A52: 45919.897 | B52: dh52111637@student.stu.edu.vn | C52: Nguyễn Đăng Quyền | D52: D21_TH10 | E52: DH52111637 | F52: 815804376 | G52: 43 | H52: Ứng dụng trên Web
A53: 45919.906 | B53: dh52111720@student.stu.edu.vn | C53: Nguyễn Công Tấn | D53: D21_TH10 | E53: DH52111720 | F53: 937468314 | G53: 44 | H53: Ứng dụng Java
C54: Nguyễn Chí Thiện | D54: D21_TH13 | E54: DH52111794 | F54: 979286060 | G54: 44
A55: 45919.907 | B55: dh52007047@student.stu.edu.vn | C55: Nguyễn Phước Nguyên | D55: D20_TH11 | E55: DH52007047 | F55: 393204904 | G55: 45 | H55: Ứng dụng trên Web
A56: 45919.937 | B56: dh52111293@student.stu.edu.vn | C56: Ong Văn Mến | D56: D21_TH12 | E56: DH52111293 | F56: 933331843 | G56: 46 | H56: Ứng dụng trên Web
A57: 45919.942 | B57: dh52111055@student.stu.edu.vn | C57: Trần Đức Huynh | D57: D21_TH10 | E57: DH52111055 | F57: 866714807 | G57: 47 | H57: Ứng dụng trên Web
A58: 45919.978 | B58: dh52002062@student.stu.edu.vn | C58: Phan Thanh Thuý | D58: D20_TH02 | E58: DH52002062 | F58: 799536225 | G58: 48 | H58: Ứng dụng trên Web
A59: 45920.031 | B59: dh52111085@student.stu.edu.vn | C59: Trương Minh Khải | D59: D21_TH08 | E59: DH52111085 | F59: 368431315 | G59: 49 | H59: Ứng dụng trên Web
A60: 45920.05 | B60: dh52110857@student.stu.edu.vn | C60: Nguyễn Đăng Hải | D60: D21_TH08 | E60: DH52110857 | F60: 707460891 | G60: 50 | H60: Ứng dụng trên Mobile
A61: 45920.072 | B61: dh52001688@student.stu.edu.vn | C61: Phạm Nhựt Linh | D61: D20_TH02 | E61: DH52001688 | F61: 777523835 | G61: 51 | H61: Ứng dụng trên Web
A62: 45920.077 | B62: dh52113777@student.stu.edu.vn | C62: Huỳnh Xuân Thọ | D62: D21_TH12 | E62: DH52113777 | F62: 358482153 | G62: 52 | H62: Ứng dụng .Net
A63: 45920.34 | B63: dh52111321@student.stu.edu.vn | C63: Trần Hoàng Minh | D63: D21_TH07 | E63: DH52111321 | F63: 907290127 | G63: 53 | H63: Ứng dụng trên Web
A64: 45920.345 | B64: dh52110568@student.stu.edu.vn | C64: Phạm Minh Anh | D64: D21_TH05 | E64: DH52110568 | F64: 395168006 | G64: 54 | H64: Ứng dụng Java
C65: Bùi Hữu Thuận | D65: D21_TH07 | E65: DH52111843 | F65: 8620201055 | G65: 54
A66: 45920.394 | B66: dh52111923@student.stu.edu.vn | C66: Đỗ Minh Trí | D66: D21_TH10 | E66: DH52111923 | F66: 704651788 | G66: 55 | H66: Ứng dụng trên Web
A67: 45920.42 | B67: dh52111579@student.stu.edu.vn | C67: Nguyễn Việt Phương | D67: D21_TH09 | E67: DH52111579 | F67: 984475387 | G67: 56 | H67: Ứng dụng trên Web
A68: 45920.451 | B68: dh52113745@student.stu.edu.vn | C68: Nguyễn Thành Lợi | D68: D21_TH14 | E68: DH52113745 | F68: 334153621 | G68: 57 | H68: Ứng dụng trên Web
C69: Nguyễn Tấn Phi | D69: D21_TH09 | E69: DH52111486 | F69: 703760626 | G69: 57
A70: 45920.456 | B70: dh52111482@student.stu.edu.vn | C70: Võ Văn Phát | D70: D21_TH09 | E70: DH52111482 | F70: 365936754 | G70: 58 | H70: Ứng dụng trên Web
C71: Vũ Trung Nguyên | D71: D21_TH09 | E71: DH52100776 | F71: 931327243 | G71: 58
A72: 45920.478 | B72: dh52111612@student.stu.edu.vn | C72: Trần Nguyễn Hoàng Quân | D72: D21_TH10 | E72: DH52111612 | F72: 911341117 | G72: 59 | H72: Ứng dụng trên Web
A73: 45920.49 | B73: dh52111263@student.stu.edu.vn | C73: Nguyễn Hòa Lợi | D73: D21_TH14 | E73: DH52111263 | F73: 866377095 | G73: 60 | H73: Ứng dụng trên Web
A74: 45920.493 | B74: dh52000682@student.stu.edu.vn | C74: Lê Tuấn | D74: D20_TH03 | E74: DH52000682 | F74: 777789336 | G74: 61 | H74: Ứng dụng trên Web
C75: Phạm Ngọc Đông | D75: D20_TH03 | E75: DH52001330 | F75: 767698726 | G75: 61
A76: 45920.51 | B76: dh52100514@student.stu.edu.vn | C76: Trần Quốc Nam | D76: D21_TH04 | E76: DH52100514 | F76: 778663123 | G76: 62 | H76: Ứng dụng .Net
A77: 45920.543 | B77: dh52112127@student.stu.edu.vn | C77: Lương Triều Vỹ | D77: D21_TH08 | E77: DH52112127 | F77: 374311503 | G77: 63 | H77: Ứng dụng trên Web
A78: 45920.572 | B78: dh52111491@student.stu.edu.vn | C78: Nguyễn Chí Phong | D78: D21_TH10 | E78: DH52111491 | F78: 903073250 | G78: 64 | H78: Ứng dụng trên Web
A79: 45920.592 | B79: dh52111115@student.stu.edu.vn | C79: Mai Lâm Quang Khánh | D79: D21_TH10 | E79: DH52111115 | F79: 777904518 | G79: 65 | H79: Ứng dụng trên Web
A80: 45920.645 | B80: dh52110800@student.stu.edu.vn | C80: Nguyễn Võ Hoàng Hải Đăng | D80: D21_TH14 | E80: DH52110800 | F80: 393461324 | G80: 66 | H80: Ứng dụng .Net
A81: 45920.715 | B81: dh52111439@student.stu.edu.vn | C81: Huỳnh Tấn Nhớ | D81: D21_TH13 | E81: DH52111439 | F81: 974630552 | G81: 67 | H81: Ứng dụng trên Web
A82: 45920.728 | B82: dh52111531@student.stu.edu.vn | C82: Lưu Hoàng Phúc | D82: D21_TH13 | E82: DH52111531 | F82: 396895104 | G82: 68 | H82: Ứng dụng trên Web
C83: Giang Nhật Long | D83: D21_TH13 | E83: DH52111224 | F83: 856639637 | G83: 68
A84: 45920.787 | B84: dh52104298@student.stu.edu.vn | C84: Nguyễn Tấn Đạt | D84: D21_TH08 | E84: DH52110780 | F84: 937446327 | G84: 69 | H84: Ứng dụng trên Web
C85: Lê Thị Ly Ly | D85: D21_TH08 | E85: DH52104298 | F85: 339519874 | G85: 69
A86: 45920.803 | B86: dh52103511@student.stu.edu.vn | C86: Phạm Hữu Chí | D86: D21_TH01 | E86: DH52103511 | F86: 916878564 | G86: 70 | H86: Ứng dụng trên Web
A87: 45920.876 | B87: dh52111823@student.stu.edu.vn | C87: Võ Thị Tho | D87: D21_TH10 | E87: DH52111823 | F87: 969747148 | G87: 71 | H87: Ứng dụng .Net
A88: 45920.883 | B88: dh51801379@student.stu.edu.vn | C88: Ngô Minh Đạt | D88: D18_TH01 | E88: DH51801379 | F88: 792170819 | G88: 72 | H88: Ứng dụng .Net
C89: Trần Thanh Duy | D89: D19_TH05 | E89: DH51901588 | F89: 382298651 | G89: 72
A90: 45920.929 | B90: dh52101228@student.stu.edu.vn | C90: Nguyễn Thanh Hậu | D90: D21_TH07 | E90: DH52101228 | F90: 911223877 | G90: 73 | H90: Ứng dụng trên Web
C91: Nguyễn Thành Sang | D91: D21_TH07 | E91: DH52109172 | F91: 382099673 | G91: 73
A92: 45920.932 | B92: dh52109230@student.stu.edu.vn | C92: Trần Phạm Thanh Phong | D92: D21_TH07 | E92: DH52109230 | F92: 938217781 | G92: 74 | H92: Ứng dụng trên Web
A93: 45920.938 | B93: dh52113016@student.stu.edu.vn | C93: Huỳnh Quốc Duy | D93: D21_TH14 | E93: DH52113016 | F93: 362949286 | G93: 75 | H93: Ứng dụng trên Web
A94: 45920.94 | B94: dh52112118@student.stu.edu.vn | C94: Trần Hoàng Vương | D94: D21_TH13 | E94: DH52112118 | F94: 987038840 | G94: 76 | H94: Ứng dụng trên Web
A95: 45920.975 | B95: dh51904519@student.stu.edu.vn | C95: Ngô Định Thế | D95: D19_TH05 | E95: DH51904519 | F95: 347473674 | G95: 77 | H95: Ứng dụng trên Web
A96: 45920.999 | B96: dh52108656@student.stu.edu.vn | C96: Võ Minh Thuận | D96: D21_TH06 | E96: DH52108656 | F96: 936452676 | G96: 78 | H96: Ứng dụng trên Web
A97: 45921.002 | B97: dh52111495@student.stu.edu.vn | C97: Phạm Hồng Phong | D97: D21_TH10 | E97: DH52111495 | F97: 915780270 | G97: 79 | H97: Ứng dụng trên Web
A98: 45921.075 | B98: dh52005049@student.stu.edu.vn | C98: Đặng Ngọc Giàu | D98: D20-TH09 | E98: DH52005049 | F98: 834376555 | G98: 80 | H98: Ứng dụng trên Web
C99: Nguyễn Thị Mỹ Uyên | D99: D20-TH09 | E99: DH52006236 | F99: 325796649 | G99: 80
A100: 45921.163 | B100: dh52111258@student.stu.edu.vn | C100: Trần Tấn Lộc | D100: D21_TH10 | E100: DH52111258 | F100: 332345957 | G100: 81 | H100: Ứng dụng trên Web
A101: 45921.37 | B101: dh52005068@student.stu.edu.vn | C101: Nguyễn Thanh Danh | D101: D20_TH09 | E101: DH52005068 | F101: 798621883 | G101: 82 | H101: Ứng dụng trên Web
A102: 45921.383 | B102: dh52113134@student.stu.edu.vn | C102: Mai Quang Vinh | D102: D21_TH12 | E102: DH52113134 | F102: 862429550 | G102: 83 | H102: Ứng dụng .Net
...

Sheet DS_ĐKMH_P.ĐT_24102025
A1: DANH SÁCH SINH VIÊN ĐĂNG KÝ MÔN HỌC ĐỒ ÁN / KHÓA LUẬN TỐT NGHIỆP HK1 (25 - 26)
B2: Dữ liệu đăng ký được tính đến ngày 07/10/2025
A3: STT | B3: MASV | C3: HỌ VÀ TÊN | E3: LỚP | F3: MAMH | G3: TÊN MÔN HỌC | H3: SỐ ĐIỆN THOẠI | I3: EMAIL | J3: GHI CHÚ
A4: 1 | B4: DH51801379 | C4: Ngô Minh | D4: Đạt | E4: D18_TH01 | F4: CS03153 | G4: Đồ án / Khóa luận tốt nghiệp | H4: 0792170819 | I4: =B4&"@student.stu.edu.vn" -> DH51801379@student.stu.edu.vn | K4: =VLOOKUP(B4,'DSSV_ĐK_HƯỚNG ĐỀ TÀI'!$B$8:$O$208,2,0) -> Ngô Minh | L4: =VLOOKUP(B4,'DSSV_ĐK_HƯỚNG ĐỀ TÀI'!$B$8:$O$208,3,0) -> Đạt
A5: 2 | B5: DH51904876 | C5: Trần Đông | D5: Vi | E5: D19_TH02 | F5: CS03153 | G5: Đồ án / Khóa luận tốt nghiệp | H5: 0846941020 | I5: =B5&"@student.stu.edu.vn" -> DH51904876@student.stu.edu.vn | K5: =VLOOKUP(B5,'DSSV_ĐK_HƯỚNG ĐỀ TÀI'!$B$8:$O$208,2,0) -> Trần Đông | L5: =VLOOKUP(B5,'DSSV_ĐK_HƯỚNG ĐỀ TÀI'!$B$8:$O$208,3,0) -> Vi
A6: 3 | B6: DH51903427 | C6: Lương Ngọc Hải | D6: Đăng | E6: D19_TH04 | F6: CS03153 | G6: Đồ án / Khóa luận tốt nghiệp | H6: 0847846688 | I6: =B6&"@student.stu.edu.vn" -> DH51903427@student.stu.edu.vn | K6: =VLOOKUP(B6,'DSSV_ĐK_HƯỚNG ĐỀ TÀI'!$B$8:$O$208,2,0) -> Lương Ngọc Hải | L6: =VLOOKUP(B6,'DSSV_ĐK_HƯỚNG ĐỀ TÀI'!$B$8:$O$208,3,0) -> Đăng
A7: 4 | B7: DH51904163 | C7: Nguyễn Hoàng Yến | D7: Nhi | E7: D19_TH04 | F7: CS03153 | G7: Đồ án / Khóa luận tốt nghiệp | H7: 0908127858 | I7: =B7&"@student.stu.edu.vn" -> DH51904163@student.stu.edu.vn | K7: =VLOOKUP(B7,'DSSV_ĐK_HƯỚNG ĐỀ TÀI'!$B$8:$O$208,2,0) -> Nguyễn Hoàng Yến | L7: =VLOOKUP(B7,'DSSV_ĐK_HƯỚNG ĐỀ TÀI'!$B$8:$O$208,3,0) -> Nhi
A8: 5 | B8: DH51904209 | C8: Nguyễn Thị Hồng | D8: Oanh | E8: D19_TH04 | F8: CS03153 | G8: Đồ án / Khóa luận tốt nghiệp | H8: 0857649997 | I8: =B8&"@student.stu.edu.vn" -> DH51904209@student.stu.edu.vn | K8: =VLOOKUP(B8,'DSSV_ĐK_HƯỚNG ĐỀ TÀI'!$B$8:$O$208,2,0) -> Nguyễn Thị Hồng | L8: =VLOOKUP(B8,'DSSV_ĐK_HƯỚNG ĐỀ TÀI'!$B$8:$O$208,3,0) -> Oanh
A9: 6 | B9: DH51901588 | C9: Trần Thanh | D9: Duy | E9: D19_TH05 | F9: CS03153 | G9: Đồ án / Khóa luận tốt nghiệp | H9: 0382298651 | I9: =B9&"@student.stu.edu.vn" -> DH51901588@student.stu.edu.vn | K9: =VLOOKUP(B9,'DSSV_ĐK_HƯỚNG ĐỀ TÀI'!$B$8:$O$208,2,0) -> Trần Thanh | L9: =VLOOKUP(B9,'DSSV_ĐK_HƯỚNG ĐỀ TÀI'!$B$8:$O$208,3,0) -> Duy
A10: 7 | B10: DH51903563 | C10: Hình Tân | D10: Hiệp | E10: D19_TH05 | F10: CS03153 | G10: Đồ án / Khóa luận tốt nghiệp | H10: 0966492994 | I10: =B10&"@student.stu.edu.vn" -> DH51903563@student.stu.edu.vn | K10: =VLOOKUP(B10,'DSSV_ĐK_HƯỚNG ĐỀ TÀI'!$B$8:$O$208,2,0) -> Hình Tân | L10: =VLOOKUP(B10,'DSSV_ĐK_HƯỚNG ĐỀ TÀI'!$B$8:$O$208,3,0) -> Hiệp
A11: 8 | B11: DH51905046 | C11: Kha Trí | D11: Hùng | E11: D19_TH05 | F11: CS03153 | G11: Đồ án / Khóa luận tốt nghiệp | H11: 0356065109 | I11: =B11&"@student.stu.edu.vn" -> DH51905046@student.stu.edu.vn | K11: =VLOOKUP(B11,'DSSV_ĐK_HƯỚNG ĐỀ TÀI'!$B$8:$O$208,2,0) -> Kha Trí | L11: =VLOOKUP(B11,'DSSV_ĐK_HƯỚNG ĐỀ TÀI'!$B$8:$O$208,3,0) -> Hùng
A12: 9 | B12: DH51904519 | C12: Ngô Định | D12: Thế | E12: D19_TH05 | F12: CS03153 | G12: Đồ án / Khóa luận tốt nghiệp | H12: 0347473674 | I12: =B12&"@student.stu.edu.vn" -> DH51904519@student.stu.edu.vn | K12: =VLOOKUP(B12,'DSSV_ĐK_HƯỚNG ĐỀ TÀI'!$B$8:$O$208,2,0) -> Ngô Định | L12: =VLOOKUP(B12,'DSSV_ĐK_HƯỚNG ĐỀ TÀI'!$B$8:$O$208,3,0) -> Thế
A13: 10 | B13: DH51900751 | C13: Ngô Tuấn | D13: Thành | E13: D19_TH06 | F13: CS03153 | G13: Đồ án / Khóa luận tốt nghiệp | H13: 0777843892 | I13: =B13&"@student.stu.edu.vn" -> DH51900751@student.stu.edu.vn | K13: =VLOOKUP(B13,'DSSV_ĐK_HƯỚNG ĐỀ TÀI'!$B$8:$O$208,2,0) -> Ngô Tuấn | L13: =VLOOKUP(B13,'DSSV_ĐK_HƯỚNG ĐỀ TÀI'!$B$8:$O$208,3,0) -> Thành
A14: 11 | B14: DH51902585 | C14: Trần Đình | D14: Hiền | E14: D19_TH07 | F14: CS03153 | G14: Đồ án / Khóa luận tốt nghiệp | H14: 0843999346 | I14: =B14&"@student.stu.edu.vn" -> DH51902585@student.stu.edu.vn | K14: =VLOOKUP(B14,'DSSV_ĐK_HƯỚNG ĐỀ TÀI'!$B$8:$O$208,2,0) -> Trần Đình | L14: =VLOOKUP(B14,'DSSV_ĐK_HƯỚNG ĐỀ TÀI'!$B$8:$O$208,3,0) -> Hiền
A15: 12 | B15: DH51902347 | C15: Trần Xuân | D15: Trí | E15: D19_TH08 | F15: CS03153 | G15: Đồ án / Khóa luận tốt nghiệp | H15: 0985711195 | I15: =B15&"@student.stu.edu.vn" -> DH51902347@student.stu.edu.vn | J15: Bổ sung | K15: =VLOOKUP(B15,'DSSV_ĐK_HƯỚNG ĐỀ TÀI'!$B$8:$O$208,2,0) -> Trần Xuân | L15: =VLOOKUP(B15,'DSSV_ĐK_HƯỚNG ĐỀ TÀI'!$B$8:$O$208,3,0) -> Trí
A16: 13 | B16: DH51905502 | C16: Châu Bảo Nhân | D16: Trung | E16: D19_TH09 | F16: CS03153 | G16: Đồ án / Khóa luận tốt nghiệp | H16: 0764332369 | I16: =B16&"@student.stu.edu.vn" -> DH51905502@student.stu.edu.vn | K16: =VLOOKUP(B16,'DSSV_ĐK_HƯỚNG ĐỀ TÀI'!$B$8:$O$208,2,0) -> Châu Bảo Nhân | L16: =VLOOKUP(B16,'DSSV_ĐK_HƯỚNG ĐỀ TÀI'!$B$8:$O$208,3,0) -> Trung
A17: 14 | B17: DH52002303 | C17: Lê Chí | D17: Cường | E17: D20_TH01 | F17: CS03153 | G17: Đồ án / Khóa luận tốt nghiệp | H17: 0904446653 | I17: =B17&"@student.stu.edu.vn" -> DH52002303@student.stu.edu.vn | K17: =VLOOKUP(B17,'DSSV_ĐK_HƯỚNG ĐỀ TÀI'!$B$8:$O$208,2,0) -> Lê Chí | L17: =VLOOKUP(B17,'DSSV_ĐK_HƯỚNG ĐỀ TÀI'!$B$8:$O$208,3,0) -> Cường
A18: 15 | B18: DH52000037 | C18: Đỗ Hoàng | D18: Dũng | E18: D20_TH01 | F18: CS03153 | G18: Đồ án / Khóa luận tốt nghiệp | H18: 0789140801 | I18: =B18&"@student.stu.edu.vn" -> DH52000037@student.stu.edu.vn | K18: =VLOOKUP(B18,'DSSV_ĐK_HƯỚNG ĐỀ TÀI'!$B$8:$O$208,2,0) -> Đỗ Hoàng | L18: =VLOOKUP(B18,'DSSV_ĐK_HƯỚNG ĐỀ TÀI'!$B$8:$O$208,3,0) -> Dũng
A19: 16 | B19: DH51901190 | C19: Trần Quốc | D19: Đạt | E19: D20_TH01 | F19: CS03153 | G19: Đồ án / Khóa luận tốt nghiệp | H19: 0706839897 | I19: =B19&"@student.stu.edu.vn" -> DH51901190@student.stu.edu.vn | K19: =VLOOKUP(B19,'DSSV_ĐK_HƯỚNG ĐỀ TÀI'!$B$8:$O$208,2,0) -> Trần Quốc | L19: =VLOOKUP(B19,'DSSV_ĐK_HƯỚNG ĐỀ TÀI'!$B$8:$O$208,3,0) -> Đạt
A20: 17 | B20: DH52001367 | C20: Lâm Chí | D20: Minh | E20: D20_TH01 | F20: CS03153 | G20: Đồ án / Khóa luận tốt nghiệp | H20: 0924405798 | I20: =B20&"@student.stu.edu.vn" -> DH52001367@student.stu.edu.vn | K20: =VLOOKUP(B20,'DSSV_ĐK_HƯỚNG ĐỀ TÀI'!$B$8:$O$208,2,0) -> Lâm Chí | L20: =VLOOKUP(B20,'DSSV_ĐK_HƯỚNG ĐỀ TÀI'!$B$8:$O$208,3,0) -> Minh
A21: 18 | B21: DH52002302 | C21: Cao Hoàng | D21: Nam | E21: D20_TH01 | F21: CS03153 | G21: Đồ án / Khóa luận tốt nghiệp | H21: 0909393047 | I21: =B21&"@student.stu.edu.vn" -> DH52002302@student.stu.edu.vn | K21: =VLOOKUP(B21,'DSSV_ĐK_HƯỚNG ĐỀ TÀI'!$B$8:$O$208,2,0) -> Cao Hoàng | L21: =VLOOKUP(B21,'DSSV_ĐK_HƯỚNG ĐỀ TÀI'!$B$8:$O$208,3,0) -> Nam
A22: 19 | B22: DH52003145 | C22: Huỳnh Trần Anh | D22: Quốc | E22: D20_TH01 | F22: CS03153 | G22: Đồ án / Khóa luận tốt nghiệp | H22: 0916823659 | I22: =B22&"@student.stu.edu.vn" -> DH52003145@student.stu.edu.vn | K22: =VLOOKUP(B22,'DSSV_ĐK_HƯỚNG ĐỀ TÀI'!$B$8:$O$208,2,0) -> Huỳnh Trần Anh | L22: =VLOOKUP(B22,'DSSV_ĐK_HƯỚNG ĐỀ TÀI'!$B$8:$O$208,3,0) -> Quốc
A23: 20 | B23: DH52001900 | C23: Nguyễn Minh | D23: Triều | E23: D20_TH01 | F23: CS03153 | G23: Đồ án / Khóa luận tốt nghiệp | H23: 0899052420 | I23: =B23&"@student.stu.edu.vn" -> DH52001900@student.stu.edu.vn | K23: =VLOOKUP(B23,'DSSV_ĐK_HƯỚNG ĐỀ TÀI'!$B$8:$O$208,2,0) -> Nguyễn Minh | L23: =VLOOKUP(B23,'DSSV_ĐK_HƯỚNG ĐỀ TÀI'!$B$8:$O$208,3,0) -> Triều
A24: 21 | B24: DH52001904 | C24: Nguyễn Hữu | D24: Trường | E24: D20_TH01 | F24: CS03153 | G24: Đồ án / Khóa luận tốt nghiệp | H24: 0855021202 | I24: =B24&"@student.stu.edu.vn" -> DH52001904@student.stu.edu.vn | K24: =VLOOKUP(B24,'DSSV_ĐK_HƯỚNG ĐỀ TÀI'!$B$8:$O$208,2,0) -> Nguyễn Hữu | L24: =VLOOKUP(B24,'DSSV_ĐK_HƯỚNG ĐỀ TÀI'!$B$8:$O$208,3,0) -> Trường
A25: 22 | B25: DH52001688 | C25: Phạm Nhựt | D25: Linh | E25: D20_TH02 | F25: CS03153 | G25: Đồ án / Khóa luận tốt nghiệp | H25: 0794985963 | I25: =B25&"@student.stu.edu.vn" -> DH52001688@student.stu.edu.vn | K25: =VLOOKUP(B25,'DSSV_ĐK_HƯỚNG ĐỀ TÀI'!$B$8:$O$208,2,0) -> Phạm Nhựt | L25: =VLOOKUP(B25,'DSSV_ĐK_HƯỚNG ĐỀ TÀI'!$B$8:$O$208,3,0) -> Linh
A26: 23 | B26: DH52003592 | C26: Nguyễn Khải | D26: Minh | E26: D20_TH02 | F26: CS03153 | G26: Đồ án / Khóa luận tốt nghiệp | H26: 0706908180 | I26: =B26&"@student.stu.edu.vn" -> DH52003592@student.stu.edu.vn | K26: =VLOOKUP(B26,'DSSV_ĐK_HƯỚNG ĐỀ TÀI'!$B$8:$O$208,2,0) -> Nguyễn Khải | L26: =VLOOKUP(B26,'DSSV_ĐK_HƯỚNG ĐỀ TÀI'!$B$8:$O$208,3,0) -> Minh
A27: 24 | B27: DH52001024 | C27: Nguyễn Duy | D27: Sơn | E27: D20_TH02 | F27: CS03153 | G27: Đồ án / Khóa luận tốt nghiệp | H27: 0783887570 | I27: =B27&"@student.stu.edu.vn" -> DH52001024@student.stu.edu.vn | K27: =VLOOKUP(B27,'DSSV_ĐK_HƯỚNG ĐỀ TÀI'!$B$8:$O$208,2,0) -> Nguyễn Duy | L27: =VLOOKUP(B27,'DSSV_ĐK_HƯỚNG ĐỀ TÀI'!$B$8:$O$208,3,0) -> Sơn
... A30: 27 | B30: DH52001330 | C30: Phạm Ngọc | D30: Đông | E30: D20_TH03 | F30: CS03153 | G30: Đồ án / Khóa luận tốt nghiệp | H30: 0366468307 | I30: =B30&"@student.stu.edu.vn" -> DH52001330@student.stu.edu.vn | K30: =VLOOKUP(B30,'DSSV_ĐK_HƯỚNG ĐỀ TÀI'!$B$8:$O$208,2,0) -> Phạm Ngọc | L30: =VLOOKUP(B30,'DSSV_ĐK_HƯỚNG ĐỀ TÀI'!$B$8:$O$208,3,0) -> Đông
A31: 28 | B31: DH52003489 | C31: Nguyễn Thanh | D31: Hải | E31: D20_TH03 | F31: CS03153 | G31: Đồ án / Khóa luận tốt nghiệp | H31: 0981665982 | I31: =B31&"@student.stu.edu.vn" -> DH52003489@student.stu.edu.vn | J31: Bổ sung | K31: =VLOOKUP(B31,'DSSV_ĐK_HƯỚNG ĐỀ TÀI'!$B$8:$O$208,2,0) -> Nguyễn Thanh | L31: =VLOOKUP(B31,'DSSV_ĐK_HƯỚNG ĐỀ TÀI'!$B$8:$O$208,3,0) -> Hải
A32: 29 | B32: DH52002187 | C32: Lê Văn | D32: Nam | E32: D20_TH03 | F32: CS03153 | G32: Đồ án / Khóa luận tốt nghiệp | H32: 0915513815 | I32: =B32&"@student.stu.edu.vn" -> DH52002187@student.stu.edu.vn | J32: Bổ sung | K32: =VLOOKUP(B32,'DSSV_ĐK_HƯỚNG ĐỀ TÀI'!$B$8:$O$208,2,0) -> Lê Văn | L32: =VLOOKUP(B32,'DSSV_ĐK_HƯỚNG ĐỀ TÀI'!$B$8:$O$208,3,0) -> Nam
A33: 30 | B33: DH52000682 | C33: Lê | D33: Tuấn | E33: D20_TH03 | F33: CS03153 | G33: Đồ án / Khóa luận tốt nghiệp | H33: 0777789336 | I33: =B33&"@student.stu.edu.vn" -> DH52000682@student.stu.edu.vn | K33: =VLOOKUP(B33,'DSSV_ĐK_HƯỚNG ĐỀ TÀI'!$B$8:$O$208,2,0) -> Lê | L33: =VLOOKUP(B33,'DSSV_ĐK_HƯỚNG ĐỀ TÀI'!$B$8:$O$208,3,0) -> Tuấn
A34: 31 | B34: DH52003563 | C34: Phan Văn | D34: Việt | E34: D20_TH03 | F34: CS03153 | G34: Đồ án / Khóa luận tốt nghiệp | H34: 0934487805 | I34: DH52003563@student.stu.edu.vn | J34: Rút đăng ký môn học | K34: =VLOOKUP(B34,'DSSV_ĐK_HƯỚNG ĐỀ TÀI'!$B$8:$O$208,2,0) -> #N/A | L34: =VLOOKUP(B34,'DSSV_ĐK_HƯỚNG ĐỀ TÀI'!$B$8:$O$208,3,0) -> #N/A
A35: 32 | B35: DH52002723 | C35: Phạm Ngọc | D35: Khoa | E35: D20_TH04 | F35: CS03153 | G35: Đồ án / Khóa luận tốt nghiệp | H35: 0528051699 | I35: =B35&"@student.stu.edu.vn" -> DH52002723@student.stu.edu.vn | K35: =VLOOKUP(B35,'DSSV_ĐK_HƯỚNG ĐỀ TÀI'!$B$8:$O$208,2,0) -> Phạm Ngọc | L35: =VLOOKUP(B35,'DSSV_ĐK_HƯỚNG ĐỀ TÀI'!$B$8:$O$208,3,0) -> Khoa
A36: 33 | B36: DH52003935 | C36: Phạm Châu | D36: Phú | E36: D20_TH04 | F36: CS03153 | G36: Đồ án / Khóa luận tốt nghiệp | H36: 0337847385 | I36: =B36&"@student.stu.edu.vn" -> DH52003935@student.stu.edu.vn | K36: =VLOOKUP(B36,'DSSV_ĐK_HƯỚNG ĐỀ TÀI'!$B$8:$O$208,2,0) -> Phạm Châu | L36: =VLOOKUP(B36,'DSSV_ĐK_HƯỚNG ĐỀ TÀI'!$B$8:$O$208,3,0) -> Phú
A37: 34 | B37: DH52003995 | C37: Huỳnh Thanh | D37: Phúc | E37: D20_TH04 | F37: CS03153 | G37: Đồ án / Khóa luận tốt nghiệp | H37: 0348095507 | I37: =B37&"@student.stu.edu.vn" -> DH52003995@student.stu.edu.vn | K37: =VLOOKUP(B37,'DSSV_ĐK_HƯỚNG ĐỀ TÀI'!$B$8:$O$208,2,0) -> Huỳnh Thanh | L37: =VLOOKUP(B37,'DSSV_ĐK_HƯỚNG ĐỀ TÀI'!$B$8:$O$208,3,0) -> Phúc
A38: 35 | B38: DH52001281 | C38: Phạm Tôn | D38: Thuận | E38: D20_TH04 | F38: CS03153 | G38: Đồ án / Khóa luận tốt nghiệp | H38: 0902827377 | I38: =B38&"@student.stu.edu.vn" -> DH52001281@student.stu.edu.vn | K38: =VLOOKUP(B38,'DSSV_ĐK_HƯỚNG ĐỀ TÀI'!$B$8:$O$208,2,0) -> Phạm Tôn | L38: =VLOOKUP(B38,'DSSV_ĐK_HƯỚNG ĐỀ TÀI'!$B$8:$O$208,3,0) -> Thuận
A39: 36 | B39: DH52003543 | C39: Nguyễn Công | D39: Chi | E39: D20_TH05 | F39: CS03153 | G39: Đồ án / Khóa luận tốt nghiệp | H39: 0523261143 | I39: =B39&"@student.stu.edu.vn" -> DH52003543@student.stu.edu.vn | K39: =VLOOKUP(B39,'DSSV_ĐK_HƯỚNG ĐỀ TÀI'!$B$8:$O$208,2,0) -> Nguyễn Công | L39: =VLOOKUP(B39,'DSSV_ĐK_HƯỚNG ĐỀ TÀI'!$B$8:$O$208,3,0) -> Chi
A40: 37 | B40: DH52001243 | C40: Lưu Văn | D40: Hiếu | E40: D20_TH05 | F40: CS03153 | G40: Đồ án / Khóa luận tốt nghiệp | H40: 0977833079 | I40: =B40&"@student.stu.edu.vn" -> DH52001243@student.stu.edu.vn | K40: =VLOOKUP(B40,'DSSV_ĐK_HƯỚNG ĐỀ TÀI'!$B$8:$O$208,2,0) -> Lưu Văn | L40: =VLOOKUP(B40,'DSSV_ĐK_HƯỚNG ĐỀ TÀI'!$B$8:$O$208,3,0) -> Hiếu
A41: 38 | B41: DH52002358 | C41: Vương Tiến | D41: Hùng | E41: D20_TH05 | F41: CS03153 | G41: Đồ án / Khóa luận tốt nghiệp | H41: 0968189572 | I41: =B41&"@student.stu.edu.vn" -> DH52002358@student.stu.edu.vn | K41: =VLOOKUP(B41,'DSSV_ĐK_HƯỚNG ĐỀ TÀI'!$B$8:$O$208,2,0) -> Vương Tiến | L41: =VLOOKUP(B41,'DSSV_ĐK_HƯỚNG ĐỀ TÀI'!$B$8:$O$208,3,0) -> Hùng
A42: 39 | B42: DH52003835 | C42: Trần Đình | D42: Khoa | E42: D20_TH05 | F42: CS03153 | G42: Đồ án / Khóa luận tốt nghiệp | H42: 0707035451 | I42: =B42&"@student.stu.edu.vn" -> DH52003835@student.stu.edu.vn | K42: =VLOOKUP(B42,'DSSV_ĐK_HƯỚNG ĐỀ TÀI'!$B$8:$O$208,2,0) -> Trần Đình | L42: =VLOOKUP(B42,'DSSV_ĐK_HƯỚNG ĐỀ TÀI'!$B$8:$O$208,3,0) -> Khoa
A43: 40 | B43: DH52003862 | C43: Trần Hữu | D43: Quang | E43: D20_TH05 | F43: CS03153 | G43: Đồ án / Khóa luận tốt nghiệp | H43: 0919402052 | I43: =B43&"@student.stu.edu.vn" -> DH52003862@student.stu.edu.vn | K43: =VLOOKUP(B43,'DSSV_ĐK_HƯỚNG ĐỀ TÀI'!$B$8:$O$208,2,0) -> Trần Hữu | L43: =VLOOKUP(B43,'DSSV_ĐK_HƯỚNG ĐỀ TÀI'!$B$8:$O$208,3,0) -> Quang
A44: 41 | B44: DH52005747 | C44: Đào Thành | D44: Đạt | E44: D20_TH06 | F44: CS03153 | G44: Đồ án / Khóa luận tốt nghiệp | H44: 0522939018 | I44: =B44&"@student.stu.edu.vn" -> DH52005747@student.stu.edu.vn | K44: =VLOOKUP(B44,'DSSV_ĐK_HƯỚNG ĐỀ TÀI'!$B$8:$O$208,2,0) -> Đào Thành | L44: =VLOOKUP(B44,'DSSV_ĐK_HƯỚNG ĐỀ TÀI'!$B$8:$O$208,3,0) -> Đạt
A45: 42 | B45: DH52004272 | C45: Lưu Thị Thanh | D45: Thảo | E45: D20_TH06 | F45: CS03153 | G45: Đồ án / Khóa luận tốt nghiệp | H45: 0329824880 | I45: =B45&"@student.stu.edu.vn" -> DH52004272@student.stu.edu.vn | K45: =VLOOKUP(B45,'DSSV_ĐK_HƯỚNG ĐỀ TÀI'!$B$8:$O$208,2,0) -> Lưu Thị Thanh | L45: =VLOOKUP(B45,'DSSV_ĐK_HƯỚNG ĐỀ TÀI'!$B$8:$O$208,3,0) -> Thảo
A46: 43 | B46: DH52005891 | C46: Phạm Nguyễn Hoàng | D46: Khang | E46: D20_TH07 | F46: CS03153 | G46: Đồ án / Khóa luận tốt nghiệp | H46: 0833485997 | I46: =B46&"@student.stu.edu.vn" -> DH52005891@student.stu.edu.vn | K46: =VLOOKUP(B46,'DSSV_ĐK_HƯỚNG ĐỀ TÀI'!$B$8:$O$208,2,0) -> Phạm Nguyễn Hoàng | L46: =VLOOKUP(B46,'DSSV_ĐK_HƯỚNG ĐỀ TÀI'!$B$8:$O$208,3,0) -> Khang
... A53: 50 | B53: DH52005049 | C53: Đặng Ngọc | D53: Giàu | E53: D20_TH09 | F53: CS03153 | G53: Đồ án / Khóa luận tốt nghiệp | H53: 0834376555 | I53: =B53&"@student.stu.edu.vn" -> DH52005049@student.stu.edu.vn | K53: =VLOOKUP(B53,'DSSV_ĐK_HƯỚNG ĐỀ TÀI'!$B$8:$O$208,2,0) -> Đặng Ngọc | L53: =VLOOKUP(B53,'DSSV_ĐK_HƯỚNG ĐỀ TÀI'!$B$8:$O$208,3,0) -> Giàu
A54: 51 | B54: DH52005804 | C54: Mai Chí | D54: Hiệp | E54: D20_TH09 | F54: CS03153 | G54: Đồ án / Khóa luận tốt nghiệp | H54: 0949619154 | I54: DH52005804@student.stu.edu.vn | J54: Rút đăng ký môn học | K54: =VLOOKUP(B54,'DSSV_ĐK_HƯỚNG ĐỀ TÀI'!$B$8:$O$208,2,0) -> #N/A | L54: =VLOOKUP(B54,'DSSV_ĐK_HƯỚNG ĐỀ TÀI'!$B$8:$O$208,3,0) -> #N/A
A55: 52 | B55: DH52006575 | C55: Lâm Tuấn | D55: Khoa | E55: D20_TH09 | F55: CS03153 | G55: Đồ án / Khóa luận tốt nghiệp | H55: 0355002372 | I55: =B55&"@student.stu.edu.vn" -> DH52006575@student.stu.edu.vn | K55: =VLOOKUP(B55,'DSSV_ĐK_HƯỚNG ĐỀ TÀI'!$B$8:$O$208,2,0) -> Lâm Tuấn | L55: =VLOOKUP(B55,'DSSV_ĐK_HƯỚNG ĐỀ TÀI'!$B$8:$O$208,3,0) -> Khoa
A56: 53 | B56: DH52006237 | C56: Nguyễn Trần Vân | D56: Uyển | E56: D20_TH09 | F56: CS03153 | G56: Đồ án / Khóa luận tốt nghiệp | H56: 0963476850 | I56: =B56&"@student.stu.edu.vn" -> DH52006237@student.stu.edu.vn | K56: =VLOOKUP(B56,'DSSV_ĐK_HƯỚNG ĐỀ TÀI'!$B$8:$O$208,2,0) -> Nguyễn Trần Vân | L56: =VLOOKUP(B56,'DSSV_ĐK_HƯỚNG ĐỀ TÀI'!$B$8:$O$208,3,0) -> Uyển
A57: 54 | B57: DH52005699 | C57: Nguyễn Hùng | D57: Cường | E57: D20_TH10 | F57: CS03153 | G57: Đồ án / Khóa luận tốt nghiệp | H57: 0932464672 | I57: =B57&"@student.stu.edu.vn" -> DH52005699@student.stu.edu.vn | K57: =VLOOKUP(B57,'DSSV_ĐK_HƯỚNG ĐỀ TÀI'!$B$8:$O$208,2,0) -> Nguyễn Hùng | L57: =VLOOKUP(B57,'DSSV_ĐK_HƯỚNG ĐỀ TÀI'!$B$8:$O$208,3,0) -> Cường
A58: 55 | B58: DH52007186 | C58: Trần Như | D58: Nguyện | E58: D20_TH10 | F58: CS03153 | G58: Đồ án / Khóa luận tốt nghiệp | H58: 0388065951 | I58: =B58&"@student.stu.edu.vn" -> DH52007186@student.stu.edu.vn | K58: =VLOOKUP(B58,'DSSV_ĐK_HƯỚNG ĐỀ TÀI'!$B$8:$O$208,2,0) -> Trần Như | L58: =VLOOKUP(B58,'DSSV_ĐK_HƯỚNG ĐỀ TÀI'!$B$8:$O$208,3,0) -> Nguyện
A59: 56 | B59: DH52006188 | C59: Lê Nguyễn Trường | D59: Thịnh | E59: D20_TH10 | F59: CS03153 | G59: Đồ án / Khóa luận tốt nghiệp | H59: 0774077020 | I59: =B59&"@student.stu.edu.vn" -> DH52006188@student.stu.edu.vn | K59: =VLOOKUP(B59,'DSSV_ĐK_HƯỚNG ĐỀ TÀI'!$B$8:$O$208,2,0) -> Lê Nguyễn Trường | L59: =VLOOKUP(B59,'DSSV_ĐK_HƯỚNG ĐỀ TÀI'!$B$8:$O$208,3,0) -> Thịnh
A60: 57 | B60: DH52005770 | C60: Trịnh Anh | D60: Đức | E60: D20_TH11 | F60: CS03153 | G60: Đồ án / Khóa luận tốt nghiệp | H60: 0582449063 | I60: =B60&"@student.stu.edu.vn" -> DH52005770@student.stu.edu.vn | K60: =VLOOKUP(B60,'DSSV_ĐK_HƯỚNG ĐỀ TÀI'!$B$8:$O$208,2,0) -> Trịnh Anh | L60: =VLOOKUP(B60,'DSSV_ĐK_HƯỚNG ĐỀ TÀI'!$B$8:$O$208,3,0) -> Đức
A61: 58 | B61: DH52007089 | C61: Huỳnh Minh | D61: Khoa | E61: D20_TH11 | F61: CS03153 | G61: Đồ án / Khóa luận tốt nghiệp | H61: 0898175595 | I61: =B61&"@student.stu.edu.vn" -> DH52007089@student.stu.edu.vn | K61: =VLOOKUP(B61,'DSSV_ĐK_HƯỚNG ĐỀ TÀI'!$B$8:$O$208,2,0) -> Huỳnh Minh | L61: =VLOOKUP(B61,'DSSV_ĐK_HƯỚNG ĐỀ TÀI'!$B$8:$O$208,3,0) -> Khoa
A62: 59 | B62: DH52007161 | C62: Phạm Duy | D62: Thắng | E62: D20_TH11 | F62: CS03153 | G62: Đồ án / Khóa luận tốt nghiệp | H62: 0335444058 | I62: =B62&"@student.stu.edu.vn" -> DH52007161@student.stu.edu.vn | K62: =VLOOKUP(B62,'DSSV_ĐK_HƯỚNG ĐỀ TÀI'!$B$8:$O$208,2,0) -> Phạm Duy | L62: =VLOOKUP(B62,'DSSV_ĐK_HƯỚNG ĐỀ TÀI'!$B$8:$O$208,3,0) -> Thắng
A63: 60 | B63: DH52006618 | C63: Trần Minh | D63: Trung | E63: D20_TH11 | F63: CS03153 | G63: Đồ án / Khóa luận tốt nghiệp | H63: 0902480705 | I63: =B63&"@student.stu.edu.vn" -> DH52006618@student.stu.edu.vn | K63: =VLOOKUP(B63,'DSSV_ĐK_HƯỚNG ĐỀ TÀI'!$B$8:$O$208,2,0) -> Trần Minh | L63: =VLOOKUP(B63,'DSSV_ĐK_HƯỚNG ĐỀ TÀI'!$B$8:$O$208,3,0) -> Trung
A64: 61 | B64: DH52103511 | C64: Phạm Hữu | D64: Chí | E64: D21_TH01 | F64: CS03153 | G64: Đồ án / Khóa luận tốt nghiệp | H64: 0385920397 | I64: =B64&"@student.stu.edu.vn" -> DH52103511@student.stu.edu.vn | K64: =VLOOKUP(B64,'DSSV_ĐK_HƯỚNG ĐỀ TÀI'!$B$8:$O$208,2,0) -> Phạm Hữu | L64: =VLOOKUP(B64,'DSSV_ĐK_HƯỚNG ĐỀ TÀI'!$B$8:$O$208,3,0) -> Chí
A65: 62 | B65: DH52103137 | C65: Phan Tuấn | D65: Dũng | E65: D21_TH01 | F65: CS03153 | G65: Đồ án / Khóa luận tốt nghiệp | H65: 0357716720 | I65: =B65&"@student.stu.edu.vn" -> DH52103137@student.stu.edu.vn | K65: =VLOOKUP(B65,'DSSV_ĐK_HƯỚNG ĐỀ TÀI'!$B$8:$O$208,2,0) -> Phan Tuấn | L65: =VLOOKUP(B65,'DSSV_ĐK_HƯỚNG ĐỀ TÀI'!$B$8:$O$208,3,0) -> Dũng
A66: 63 | B66: DH52106130 | C66: Bùi Phi | D66: Hùng | E66: D21_TH01 | F66: CS03153 | G66: Đồ án / Khóa luận tốt nghiệp | H66: 0394126389 | I66: =B66&"@student.stu.edu.vn" -> DH52106130@student.stu.edu.vn | K66: =VLOOKUP(B66,'DSSV_ĐK_HƯỚNG ĐỀ TÀI'!$B$8:$O$208,2,0) -> Bùi Phi | L66: =VLOOKUP(B66,'DSSV_ĐK_HƯỚNG ĐỀ TÀI'!$B$8:$O$208,3,0) -> Hùng
... A110: 107 | B110: DH52111321 | C110: Trần Hoàng | D110: Minh | E110: D21_TH07 | F110: CS03153 | G110: Đồ án / Khóa luận tốt nghiệp | H110: 0907290127 | I110: =B110&"@student.stu.edu.vn" -> DH52111321@student.stu.edu.vn | K110: =VLOOKUP(B110,'DSSV_ĐK_HƯỚNG ĐỀ TÀI'!$B$8:$O$208,2,0) -> Trần Hoàng | L110: =VLOOKUP(B110,'DSSV_ĐK_HƯỚNG ĐỀ TÀI'!$B$8:$O$208,3,0) -> Minh
A111: 108 | B111: DH52109172 | C111: Nguyễn Thành | D111: Sang | E111: D21_TH07 | F111: CS03153 | G111: Đồ án / Khóa luận tốt nghiệp | H111: 0382099673 | I111: =B111&"@student.stu.edu.vn" -> DH52109172@student.stu.edu.vn | J111: Bổ sung | K111: =VLOOKUP(B111,'DSSV_ĐK_HƯỚNG ĐỀ TÀI'!$B$8:$O$208,2,0) -> Nguyễn Thành | L111: =VLOOKUP(B111,'DSSV_ĐK_HƯỚNG ĐỀ TÀI'!$B$8:$O$208,3,0) -> Sang
A112: 109 | B112: DH52111843 | C112: Bùi Hữu | D112: Thuận | E112: D21_TH07 | F112: CS03153 | G112: Đồ án / Khóa luận tốt nghiệp | H112: 0352247279 | I112: =B112&"@student.stu.edu.vn" -> DH52111843@student.stu.edu.vn | K112: =VLOOKUP(B112,'DSSV_ĐK_HƯỚNG ĐỀ TÀI'!$B$8:$O$208,2,0) -> Bùi Hữu | L112: =VLOOKUP(B112,'DSSV_ĐK_HƯỚNG ĐỀ TÀI'!$B$8:$O$208,3,0) -> Thuận
A113: 110 | B113: DH52110534 | C113: Nguyễn Mậu | D113: An | E113: D21_TH08 | F113: CS03153 | G113: Đồ án / Khóa luận tốt nghiệp | H113: 0343513046 | I113: =B113&"@student.stu.edu.vn" -> DH52110534@student.stu.edu.vn | K113: =VLOOKUP(B113,'DSSV_ĐK_HƯỚNG ĐỀ TÀI'!$B$8:$O$208,2,0) -> Nguyễn Mậu | L113: =VLOOKUP(B113,'DSSV_ĐK_HƯỚNG ĐỀ TÀI'!$B$8:$O$208,3,0) -> An
A114: 111 | B114: DH52110780 | C114: Nguyễn Tấn | D114: Đạt | E114: D21_TH08 | F114: CS03153 | G114: Đồ án / Khóa luận tốt nghiệp | H114: 0937446327 | I114: =B114&"@student.stu.edu.vn" -> DH52110780@student.stu.edu.vn | K114: =VLOOKUP(B114,'DSSV_ĐK_HƯỚNG ĐỀ TÀI'!$B$8:$O$208,2,0) -> Nguyễn Tấn | L114: =VLOOKUP(B114,'DSSV_ĐK_HƯỚNG ĐỀ TÀI'!$B$8:$O$208,3,0) -> Đạt
A115: 112 | B115: DH52110786 | C115: Tăng Cẩm | D115: Đạt | E115: D21_TH08 | F115: CS03153 | G115: Đồ án / Khóa luận tốt nghiệp | H115: 0386165820 | I115: =B115&"@student.stu.edu.vn" -> DH52110786@student.stu.edu.vn | K115: =VLOOKUP(B115,'DSSV_ĐK_HƯỚNG ĐỀ TÀI'!$B$8:$O$208,2,0) -> Tăng Cẩm | L115: =VLOOKUP(B115,'DSSV_ĐK_HƯỚNG ĐỀ TÀI'!$B$8:$O$208,3,0) -> Đạt
A116: 113 | B116: DH52110793 | C116: Trịnh Phát | D116: Đạt | E116: D21_TH08 | F116: CS03153 | G116: Đồ án / Khóa luận tốt nghiệp | H116: 0977336644 | I116: =B116&"@student.stu.edu.vn" -> DH52110793@student.stu.edu.vn | K116: =VLOOKUP(B116,'DSSV_ĐK_HƯỚNG ĐỀ TÀI'!$B$8:$O$208,2,0) -> Trịnh Phát | L116: =VLOOKUP(B116,'DSSV_ĐK_HƯỚNG ĐỀ TÀI'!$B$8:$O$208,3,0) -> Đạt
A117: 114 | B117: DH52110857 | C117: Nguyễn Đăng | D117: Hải | E117: D21_TH08 | F117: CS03153 | G117: Đồ án / Khóa luận tốt nghiệp | H117: 0909523075 | I117: =B117&"@student.stu.edu.vn" -> DH52110857@student.stu.edu.vn | K117: =VLOOKUP(B117,'DSSV_ĐK_HƯỚNG ĐỀ TÀI'!$B$8:$O$208,2,0) -> Nguyễn Đăng | L117: =VLOOKUP(B117,'DSSV_ĐK_HƯỚNG ĐỀ TÀI'!$B$8:$O$208,3,0) -> Hải
A118: 115 | B118: DH52111085 | C118: Trương Minh | D118: Khải | E118: D21_TH08 | F118: CS03153 | G118: Đồ án / Khóa luận tốt nghiệp | H118: 0835359010 | I118: =B118&"@student.stu.edu.vn" -> DH52111085@student.stu.edu.vn | K118: =VLOOKUP(B118,'DSSV_ĐK_HƯỚNG ĐỀ TÀI'!$B$8:$O$208,2,0) -> Trương Minh | L118: =VLOOKUP(B118,'DSSV_ĐK_HƯỚNG ĐỀ TÀI'!$B$8:$O$208,3,0) -> Khải
A119: 116 | B119: DH52111086 | C119: Dương Trí | D119: Khang | E119: D21_TH08 | F119: CS03153 | G119: Đồ án / Khóa luận tốt nghiệp | H119: 0836169654 | I119: =B119&"@student.stu.edu.vn" -> DH52111086@student.stu.edu.vn | K119: =VLOOKUP(B119,'DSSV_ĐK_HƯỚNG ĐỀ TÀI'!$B$8:$O$208,2,0) -> Dương Trí | L119: =VLOOKUP(B119,'DSSV_ĐK_HƯỚNG ĐỀ TÀI'!$B$8:$O$208,3,0) -> Khang
A120: 117 | B120: DH52113292 | C120: Lê Minh | D120: Kiệt | E120: D21_TH08 | F120: CS03153 | G120: Đồ án / Khóa luận tốt nghiệp | H120: 0937733385 | I120: =B120&"@student.stu.edu.vn" -> DH52113292@student.stu.edu.vn | K120: =VLOOKUP(B120,'DSSV_ĐK_HƯỚNG ĐỀ TÀI'!$B$8:$O$208,2,0) -> Lê Minh | L120: =VLOOKUP(B120,'DSSV_ĐK_HƯỚNG ĐỀ TÀI'!$B$8:$O$208,3,0) -> Kiệt
A121: 118 | B121: DH52111174 | C121: Ngô Tuấn | D121: Kiệt | E121: D21_TH08 | F121: CS03153 | G121: Đồ án / Khóa luận tốt nghiệp | H121: 0849929007 | I121: =B121&"@student.stu.edu.vn" -> DH52111174@student.stu.edu.vn | K121: =VLOOKUP(B121,'DSSV_ĐK_HƯỚNG ĐỀ TÀI'!$B$8:$O$208,2,0) -> Ngô Tuấn | L121: =VLOOKUP(B121,'DSSV_ĐK_HƯỚNG ĐỀ TÀI'!$B$8:$O$208,3,0) -> Kiệt
A122: 119 | B122: DH52111204 | C122: Trương Văn | D122: Liêu | E122: D21_TH08 | F122: CS03153 | G122: Đồ án / Khóa luận tốt nghiệp | H122: 0393726628 | I122: =B122&"@student.stu.edu.vn" -> DH52111204@student.stu.edu.vn | K122: =VLOOKUP(B122,'DSSV_ĐK_HƯỚNG ĐỀ TÀI'!$B$8:$O$208,2,0) -> Trương Văn | L122: =VLOOKUP(B122,'DSSV_ĐK_HƯỚNG ĐỀ TÀI'!$B$8:$O$208,3,0) -> Liêu
A123: 120 | B123: DH52111240 | C123: Nguyễn Viết | D123: Long | E123: D21_TH08 | F123: CS03153 | G123: Đồ án / Khóa luận tốt nghiệp | H123: 0989894857 | I123: =B123&"@student.stu.edu.vn" -> DH52111240@student.stu.edu.vn | K123: =VLOOKUP(B123,'DSSV_ĐK_HƯỚNG ĐỀ TÀI'!$B$8:$O$208,2,0) -> Nguyễn Viết | L123: =VLOOKUP(B123,'DSSV_ĐK_HƯỚNG ĐỀ TÀI'!$B$8:$O$208,3,0) -> Long
... A133: 130 | B133: DH52112019 | C133: Nguyễn Ngọc Thanh | D133: Tuệ | E133: D21_TH08 | F133: CS03153 | G133: Đồ án / Khóa luận tốt nghiệp | H133: 0907355548 | I133: =B133&"@student.stu.edu.vn" -> DH52112019@student.stu.edu.vn | K133: =VLOOKUP(B133,'DSSV_ĐK_HƯỚNG ĐỀ TÀI'!$B$8:$O$208,2,0) -> Nguyễn Ngọc Thanh | L133: =VLOOKUP(B133,'DSSV_ĐK_HƯỚNG ĐỀ TÀI'!$B$8:$O$208,3,0) -> Tuệ
A134: 131 | B134: DH52112127 | C134: Lương Triều | D134: Vỹ | E134: D21_TH08 | F134: CS03153 | G134: Đồ án / Khóa luận tốt nghiệp | I134: =B134&"@student.stu.edu.vn" -> DH52112127@student.stu.edu.vn | K134: =VLOOKUP(B134,'DSSV_ĐK_HƯỚNG ĐỀ TÀI'!$B$8:$O$208,2,0) -> Lương Triều | L134: =VLOOKUP(B134,'DSSV_ĐK_HƯỚNG ĐỀ TÀI'!$B$8:$O$208,3,0) -> Vỹ
A135: 132 | B135: DH52110677 | C135: Nguyễn Ngọc | D135: Doanh | E135: D21_TH09 | F135: CS03153 | G135: Đồ án / Khóa luận tốt nghiệp | H135: 0902904122 | I135: =B135&"@student.stu.edu.vn" -> DH52110677@student.stu.edu.vn | K135: =VLOOKUP(B135,'DSSV_ĐK_HƯỚNG ĐỀ TÀI'!$B$8:$O$208,2,0) -> Nguyễn Ngọc | L135: =VLOOKUP(B135,'DSSV_ĐK_HƯỚNG ĐỀ TÀI'!$B$8:$O$208,3,0) -> Doanh
A136: 133 | B136: DH52110995 | C136: Đỗ Quang | D136: Huy | E136: D21_TH09 | F136: CS03153 | G136: Đồ án / Khóa luận tốt nghiệp | H136: 0395553134 | I136: =B136&"@student.stu.edu.vn" -> DH52110995@student.stu.edu.vn | K136: =VLOOKUP(B136,'DSSV_ĐK_HƯỚNG ĐỀ TÀI'!$B$8:$O$208,2,0) -> Đỗ Quang | L136: =VLOOKUP(B136,'DSSV_ĐK_HƯỚNG ĐỀ TÀI'!$B$8:$O$208,3,0) -> Huy
A137: 134 | B137: DH52111030 | C137: Nguyễn Quốc | D137: Huy | E137: D21_TH09 | F137: CS03153 | G137: Đồ án / Khóa luận tốt nghiệp | H137: 0933705051 | I137: =B137&"@student.stu.edu.vn" -> DH52111030@student.stu.edu.vn | K137: =VLOOKUP(B137,'DSSV_ĐK_HƯỚNG ĐỀ TÀI'!$B$8:$O$208,2,0) -> Nguyễn Quốc | L137: =VLOOKUP(B137,'DSSV_ĐK_HƯỚNG ĐỀ TÀI'!$B$8:$O$208,3,0) -> Huy
A138: 135 | B138: DH52111083 | C138: Trần Mai Huy | D138: Khải | E138: D21_TH09 | F138: CS03153 | G138: Đồ án / Khóa luận tốt nghiệp | H138: 0582079957 | I138: =B138&"@student.stu.edu.vn" -> DH52111083@student.stu.edu.vn | K138: =VLOOKUP(B138,'DSSV_ĐK_HƯỚNG ĐỀ TÀI'!$B$8:$O$208,2,0) -> Trần Mai Huy | L138: =VLOOKUP(B138,'DSSV_ĐK_HƯỚNG ĐỀ TÀI'!$B$8:$O$208,3,0) -> Khải
A139: 136 | B139: DH52100776 | C139: Vũ Trung | D139: Nguyên | E139: D21_TH09 | F139: CS03153 | G139: Đồ án / Khóa luận tốt nghiệp | H139: 0931329585 | I139: =B139&"@student.stu.edu.vn" -> DH52100776@student.stu.edu.vn | K139: =VLOOKUP(B139,'DSSV_ĐK_HƯỚNG ĐỀ TÀI'!$B$8:$O$208,2,0) -> Vũ Trung | L139: =VLOOKUP(B139,'DSSV_ĐK_HƯỚNG ĐỀ TÀI'!$B$8:$O$208,3,0) -> Nguyên
A140: 137 | B140: DH52111441 | C140: Nguyễn Thị | D140: Nhung | E140: D21_TH09 | F140: CS03153 | G140: Đồ án / Khóa luận tốt nghiệp | H140: 0359439628 | I140: =B140&"@student.stu.edu.vn" -> DH52111441@student.stu.edu.vn | K140: =VLOOKUP(B140,'DSSV_ĐK_HƯỚNG ĐỀ TÀI'!$B$8:$O$208,2,0) -> Nguyễn Thị | L140: =VLOOKUP(B140,'DSSV_ĐK_HƯỚNG ĐỀ TÀI'!$B$8:$O$208,3,0) -> Nhung
A141: 138 | B141: DH52111482 | C141: Võ Văn | D141: Phát | E141: D21_TH09 | F141: CS03153 | G141: Đồ án / Khóa luận tốt nghiệp | H141: 0937689655 | I141: =B141&"@student.stu.edu.vn" -> DH52111482@student.stu.edu.vn | K141: =VLOOKUP(B141,'DSSV_ĐK_HƯỚNG ĐỀ TÀI'!$B$8:$O$208,2,0) -> Võ Văn | L141: =VLOOKUP(B141,'DSSV_ĐK_HƯỚNG ĐỀ TÀI'!$B$8:$O$208,3,0) -> Phát
A142: 139 | B142: DH52111486 | C142: Nguyễn Tấn | D142: Phi | E142: D21_TH09 | F142: CS03153 | G142: Đồ án / Khóa luận tốt nghiệp | H142: 0703760626 | I142: =B142&"@student.stu.edu.vn" -> DH52111486@student.stu.edu.vn | K142: =VLOOKUP(B142,'DSSV_ĐK_HƯỚNG ĐỀ TÀI'!$B$8:$O$208,2,0) -> Nguyễn Tấn | L142: =VLOOKUP(B142,'DSSV_ĐK_HƯỚNG ĐỀ TÀI'!$B$8:$O$208,3,0) -> Phi
A143: 140 | B143: DH52111579 | C143: Nguyễn Việt | D143: Phương | E143: D21_TH09 | F143: CS03153 | G143: Đồ án / Khóa luận tốt nghiệp | H143: 0978699529 | I143: =B143&"@student.stu.edu.vn" -> DH52111579@student.stu.edu.vn | K143: =VLOOKUP(B143,'DSSV_ĐK_HƯỚNG ĐỀ TÀI'!$B$8:$O$208,2,0) -> Nguyễn Việt | L143: =VLOOKUP(B143,'DSSV_ĐK_HƯỚNG ĐỀ TÀI'!$B$8:$O$208,3,0) -> Phương
A144: 141 | B144: DH52111700 | C144: Thái Tấn | D144: Tài | E144: D21_TH09 | F144: CS03153 | G144: Đồ án / Khóa luận tốt nghiệp | H144: 0353004163 | I144: =B144&"@student.stu.edu.vn" -> DH52111700@student.stu.edu.vn | K144: =VLOOKUP(B144,'DSSV_ĐK_HƯỚNG ĐỀ TÀI'!$B$8:$O$208,2,0) -> Thái Tấn | L144: =VLOOKUP(B144,'DSSV_ĐK_HƯỚNG ĐỀ TÀI'!$B$8:$O$208,3,0) -> Tài
A145: 142 | B145: DH52111055 | C145: Trần Đức | D145: Huynh | E145: D21_TH10 | F145: CS03153 | G145: Đồ án / Khóa luận tốt nghiệp | H145: 0866714807 | I145: =B145&"@student.stu.edu.vn" -> DH52111055@student.stu.edu.vn | K145: =VLOOKUP(B145,'DSSV_ĐK_HƯỚNG ĐỀ TÀI'!$B$8:$O$208,2,0) -> Trần Đức | L145: =VLOOKUP(B145,'DSSV_ĐK_HƯỚNG ĐỀ TÀI'!$B$8:$O$208,3,0) -> Huynh
A146: 143 | B146: DH52111112 | C146: Đỗ Quốc | D146: Khánh | E146: D21_TH10 | F146: CS03153 | G146: Đồ án / Khóa luận tốt nghiệp | H146: 0983062644 | I146: =B146&"@student.stu.edu.vn" -> DH52111112@student.stu.edu.vn | K146: =VLOOKUP(B146,'DSSV_ĐK_HƯỚNG ĐỀ TÀI'!$B$8:$O$208,2,0) -> #N/A | L146: =VLOOKUP(B146,'DSSV_ĐK_HƯỚNG ĐỀ TÀI'!$B$8:$O$208,3,0) -> #N/A
... A156: 153 | B156: DH52111681 | C156: Lê Anh | D156: Tài | E156: D21_TH10 | F156: CS03153 | G156: Đồ án / Khóa luận tốt nghiệp | H156: 0967788246 | I156: =B156&"@student.stu.edu.vn" -> DH52111681@student.stu.edu.vn | K156: =VLOOKUP(B156,'DSSV_ĐK_HƯỚNG ĐỀ TÀI'!$B$8:$O$208,2,0) -> Lê Anh | L156: =VLOOKUP(B156,'DSSV_ĐK_HƯỚNG ĐỀ TÀI'!$B$8:$O$208,3,0) -> Tài
A157: 154 | B157: DH52111720 | C157: Nguyễn Công | D157: Tấn | E157: D21_TH10 | F157: CS03153 | G157: Đồ án / Khóa luận tốt nghiệp | I157: =B157&"@student.stu.edu.vn" -> DH52111720@student.stu.edu.vn | K157: =VLOOKUP(B157,'DSSV_ĐK_HƯỚNG ĐỀ TÀI'!$B$8:$O$208,2,0) -> Nguyễn Công | L157: =VLOOKUP(B157,'DSSV_ĐK_HƯỚNG ĐỀ TÀI'!$B$8:$O$208,3,0) -> Tấn
A158: 155 | B158: DH52112786 | C158: Đinh Quang | D158: Thịnh | E158: D21_TH10 | F158: CS03153 | G158: Đồ án / Khóa luận tốt nghiệp | H158: 0931487603 | I158: =B158&"@student.stu.edu.vn" -> DH52112786@student.stu.edu.vn | K158: =VLOOKUP(B158,'DSSV_ĐK_HƯỚNG ĐỀ TÀI'!$B$8:$O$208,2,0) -> Đinh Quang | L158: =VLOOKUP(B158,'DSSV_ĐK_HƯỚNG ĐỀ TÀI'!$B$8:$O$208,3,0) -> Thịnh
A159: 156 | B159: DH52111823 | C159: Võ Thị | D159: Tho | E159: D21_TH10 | F159: CS03153 | G159: Đồ án / Khóa luận tốt nghiệp | H159: 0969747148 | I159: =B159&"@student.stu.edu.vn" -> DH52111823@student.stu.edu.vn | K159: =VLOOKUP(B159,'DSSV_ĐK_HƯỚNG ĐỀ TÀI'!$B$8:$O$208,2,0) -> Võ Thị | L159: =VLOOKUP(B159,'DSSV_ĐK_HƯỚNG ĐỀ TÀI'!$B$8:$O$208,3,0) -> Tho
A160: 157 | B160: DH52111863 | C160: Nguyễn Thị Minh | D160: Thư | E160: D21_TH10 | F160: CS03153 | G160: Đồ án / Khóa luận tốt nghiệp | H160: 097473170 | I160: =B160&"@student.stu.edu.vn" -> DH52111863@student.stu.edu.vn | K160: =VLOOKUP(B160,'DSSV_ĐK_HƯỚNG ĐỀ TÀI'!$B$8:$O$208,2,0) -> Nguyễn Thị Minh | L160: =VLOOKUP(B160,'DSSV_ĐK_HƯỚNG ĐỀ TÀI'!$B$8:$O$208,3,0) -> Thư
A161: 158 | B161: DH52111923 | C161: Đỗ Minh | D161: Trí | E161: D21_TH10 | F161: CS03153 | G161: Đồ án / Khóa luận tốt nghiệp | H161: 0704651788 | I161: =B161&"@student.stu.edu.vn" -> DH52111923@student.stu.edu.vn | K161: =VLOOKUP(B161,'DSSV_ĐK_HƯỚNG ĐỀ TÀI'!$B$8:$O$208,2,0) -> Đỗ Minh | L161: =VLOOKUP(B161,'DSSV_ĐK_HƯỚNG ĐỀ TÀI'!$B$8:$O$208,3,0) -> Trí
A162: 159 | B162: DH52110561 | C162: Nguyễn Lan | D162: Anh | E162: D21_TH11 | F162: CS03153 | G162: Đồ án / Khóa luận tốt nghiệp | H162: 0329186138 | I162: =B162&"@student.stu.edu.vn" -> DH52110561@student.stu.edu.vn | K162: =VLOOKUP(B162,'DSSV_ĐK_HƯỚNG ĐỀ TÀI'!$B$8:$O$208,2,0) -> Nguyễn Lan | L162: =VLOOKUP(B162,'DSSV_ĐK_HƯỚNG ĐỀ TÀI'!$B$8:$O$208,3,0) -> Anh
A163: 160 | B163: DH52110659 | C163: Ngô Đức Trần | D163: Cường | E163: D21_TH11 | F163: CS03153 | G163: Đồ án / Khóa luận tốt nghiệp | H163: 0904750771 | I163: =B163&"@student.stu.edu.vn" -> DH52110659@student.stu.edu.vn | J163: Bổ sung | K163: =VLOOKUP(B163,'DSSV_ĐK_HƯỚNG ĐỀ TÀI'!$B$8:$O$208,2,0) -> Ngô Đức Trần | L163: =VLOOKUP(B163,'DSSV_ĐK_HƯỚNG ĐỀ TÀI'!$B$8:$O$208,3,0) -> Cường
A164: 161 | B164: DH52113526 | C164: Trần Thái | D164: Duy | E164: D21_TH11 | F164: CS03153 | G164: Đồ án / Khóa luận tốt nghiệp | H164: 0935183461 | I164: =B164&"@student.stu.edu.vn" -> DH52113526@student.stu.edu.vn | K164: =VLOOKUP(B164,'DSSV_ĐK_HƯỚNG ĐỀ TÀI'!$B$8:$O$208,2,0) -> Trần Thái | L164: =VLOOKUP(B164,'DSSV_ĐK_HƯỚNG ĐỀ TÀI'!$B$8:$O$208,3,0) -> Duy
A165: 162 | B165: DH52110733 | C165: Nguyễn Sơn | D165: Dương | E165: D21_TH11 | F165: CS03153 | G165: Đồ án / Khóa luận tốt nghiệp | H165: 0826464186 | I165: =B165&"@student.stu.edu.vn" -> DH52110733@student.stu.edu.vn | K165: =VLOOKUP(B165,'DSSV_ĐK_HƯỚNG ĐỀ TÀI'!$B$8:$O$208,2,0) -> Nguyễn Sơn | L165: =VLOOKUP(B165,'DSSV_ĐK_HƯỚNG ĐỀ TÀI'!$B$8:$O$208,3,0) -> Dương
A166: 163 | B166: DH52110812 | C166: Trương Thanh | D166: Đông | E166: D21_TH11 | F166: CS03153 | G166: Đồ án / Khóa luận tốt nghiệp | H166: 0706766557 | I166: =B166&"@student.stu.edu.vn" -> DH52110812@student.stu.edu.vn | K166: =VLOOKUP(B166,'DSSV_ĐK_HƯỚNG ĐỀ TÀI'!$B$8:$O$208,2,0) -> Trương Thanh | L166: =VLOOKUP(B166,'DSSV_ĐK_HƯỚNG ĐỀ TÀI'!$B$8:$O$208,3,0) -> Đông
A167: 164 | B167: DH52111063 | C167: Nguyễn Mạnh | D167: Hưng | E167: D21_TH11 | F167: CS03153 | G167: Đồ án / Khóa luận tốt nghiệp | H167: 0328707978 | I167: =B167&"@student.stu.edu.vn" -> DH52111063@student.stu.edu.vn | K167: =VLOOKUP(B167,'DSSV_ĐK_HƯỚNG ĐỀ TÀI'!$B$8:$O$208,2,0) -> Nguyễn Mạnh | L167: =VLOOKUP(B167,'DSSV_ĐK_HƯỚNG ĐỀ TÀI'!$B$8:$O$208,3,0) -> Hưng
A168: 165 | B168: DH52111067 | C168: Trần Minh | D168: Hưng | E168: D21_TH11 | F168: CS03153 | G168: Đồ án / Khóa luận tốt nghiệp | H168: 0932078352 | I168: =B168&"@student.stu.edu.vn" -> DH52111067@student.stu.edu.vn | K168: =VLOOKUP(B168,'DSSV_ĐK_HƯỚNG ĐỀ TÀI'!$B$8:$O$208,2,0) -> Trần Minh | L168: =VLOOKUP(B168,'DSSV_ĐK_HƯỚNG ĐỀ TÀI'!$B$8:$O$208,3,0) -> Hưng
A169: 166 | B169: DH52111212 | C169: Nguyễn Hoàng | D169: Linh | E169: D21_TH11 | F169: CS03153 | G169: Đồ án / Khóa luận tốt nghiệp | H169: 0941412077 | I169: =B169&"@student.stu.edu.vn" -> DH52111212@student.stu.edu.vn | K169: =VLOOKUP(B169,'DSSV_ĐK_HƯỚNG ĐỀ TÀI'!$B$8:$O$208,2,0) -> Nguyễn Hoàng | L169: =VLOOKUP(B169,'DSSV_ĐK_HƯỚNG ĐỀ TÀI'!$B$8:$O$208,3,0) -> Linh
...
